team,season_year,home_games,away_games,home_win_pct,away_win_pct,home_avg_score,away_avg_score
Oklahoma City Thunder,2025,60,53,86.7,71.7,123.1,118.0
Los Angeles Clippers,2025,26,29,76.9,44.8,117.1,112.2
Houston Rockets,2025,43,47,74.4,53.2,115.8,118.0
New York Knicks,2025,58,48,69.0,54.2,117.1,113.3
Boston Celtics,2025,45,51,68.9,68.6,115.8,112.8
Los Angeles Lakers,2025,45,45,66.7,51.1,114.2,113.4
Detroit Pistons,2025,47,46,66.0,60.9,117.2,117.4
Denver Nuggets,2025,51,52,64.7,61.5,122.8,116.8
Golden State Warriors,2025,48,54,64.6,51.9,114.3,113.8
Minnesota Timberwolves,2025,53,52,64.2,57.7,118.5,115.2
Cleveland Cavaliers,2025,50,47,64.0,59.6,119.9,120.9
Phoenix Suns,2025,40,47,62.5,38.3,115.5,114.0
Indiana Pacers,2025,58,51,60.3,43.1,116.3,113.9
Milwaukee Bucks,2025,47,46,57.4,45.7,118.6,111.9
San Antonio Spurs,2025,41,46,56.1,50.0,117.0,116.2
Toronto Raptors,2025,45,45,53.3,51.1,112.0,112.3
Orlando Magic,2025,46,46,52.2,47.8,109.6,107.5
Chicago Bulls,2025,46,42,52.2,45.2,116.3,120.0
Portland Trail Blazers,2025,43,45,51.2,40.0,114.1,114.8
Dallas Mavericks,2025,45,44,48.9,29.5,113.9,111.9
LA Clippers,2025,17,19,47.1,31.6,114.5,110.2
Sacramento Kings,2025,40,47,45.0,36.2,114.1,114.0
Memphis Grizzlies,2025,45,47,44.4,46.8,120.0,115.7
Miami Heat,2025,50,47,44.0,40.4,113.9,113.0
Atlanta Hawks,2025,42,47,42.9,46.8,117.8,119.4
New Orleans Pelicans,2025,46,41,39.1,19.5,115.5,112.2
Philadelphia 76ers,2025,47,40,36.2,30.0,112.4,112.7
Charlotte Hornets,2025,42,44,35.7,20.5,111.8,108.2
Utah Jazz,2025,48,39,33.3,15.4,115.5,113.0
Brooklyn Nets,2025,45,39,26.7,35.9,105.7,107.1
Washington Wizards,2025,40,47,20.0,31.9,111.7,105.9
Oklahoma City Thunder,2024,47,51,80.9,64.7,117.4,114.7
Boston Celtics,2024,58,49,79.3,73.5,120.1,115.9
Cleveland Cavaliers,2024,50,49,76.0,53.1,116.5,112.2
Orlando Magic,2024,46,48,73.9,37.5,109.2,105.0
New York Knicks,2024,53,48,69.8,62.5,113.1,113.6
Denver Nuggets,2024,49,47,67.3,57.4,114.9,114.4
Houston Rockets,2024,42,46,66.7,47.8,116.7,113.1
Indiana Pacers,2024,49,57,65.3,42.1,120.6,115.9
Milwaukee Bucks,2024,45,47,64.4,36.2,115.7,110.3
Dallas Mavericks,2024,54,54,63.0,57.4,114.7,114.0
Los Angeles Lakers,2024,47,45,59.6,53.3,118.1,113.2
Atlanta Hawks,2024,47,41,59.6,34.1,120.0,111.9
Phoenix Suns,2024,45,46,57.8,52.2,113.3,115.2
Los Angeles Clippers,2024,49,46,57.1,63.0,111.3,111.7
Minnesota Timberwolves,2024,51,53,56.9,58.5,110.4,112.1
Miami Heat,2024,46,46,56.5,50.0,109.6,107.3
Golden State Warriors,2024,43,46,53.5,65.2,115.8,114.7
San Antonio Spurs,2024,47,41,51.1,29.3,114.2,109.8
Philadelphia 76ers,2024,44,48,47.7,45.8,108.9,108.9
Sacramento Kings,2024,47,44,44.7,47.7,114.9,114.3
Memphis Grizzlies,2024,47,42,44.7,52.4,111.7,113.6
Brooklyn Nets,2024,40,45,42.5,28.9,109.1,105.9
Chicago Bulls,2024,41,47,41.5,55.3,115.1,116.2
Utah Jazz,2024,43,42,37.2,26.2,116.2,112.8
Portland Trail Blazers,2024,42,44,35.7,22.7,109.5,102.6
New Orleans Pelicans,2024,45,46,35.6,45.7,110.8,109.1
Toronto Raptors,2024,43,45,32.6,20.0,111.3,111.6
Detroit Pistons,2024,40,47,30.0,34.0,110.4,110.3
Charlotte Hornets,2024,46,43,28.3,23.3,106.9,103.8
Washington Wizards,2024,46,39,21.7,15.4,110.8,109.3
Denver Nuggets,2023,53,53,84.9,50.9,118.2,111.4
Boston Celtics,2023,50,53,80.0,60.4,118.1,116.5
Milwaukee Bucks,2023,46,43,78.3,62.8,122.0,119.9
Minnesota Timberwolves,2023,42,45,71.4,57.8,114.5,114.7
Philadelphia 76ers,2023,45,49,68.9,67.3,117.1,116.7
Oklahoma City Thunder,2023,44,40,65.9,52.5,124.1,115.1
Los Angeles Lakers,2023,55,49,65.5,42.9,115.9,115.1
Miami Heat,2023,52,55,65.4,47.3,112.6,108.5
Golden State Warriors,2023,49,46,65.3,39.1,118.0,119.1
New York Knicks,2023,43,49,65.1,49.0,115.2,113.4
Memphis Grizzlies,2023,43,47,62.8,34.0,114.3,111.8
Toronto Raptors,2023,42,40,61.9,35.0,114.6,113.2
Orlando Magic,2023,38,42,60.5,45.2,115.5,110.0
Cleveland Cavaliers,2023,42,43,59.5,51.2,111.6,111.0
Los Angeles Clippers,2023,46,38,58.7,47.4,115.7,116.3
Phoenix Suns,2023,48,45,58.3,53.3,115.2,112.9
Sacramento Kings,2023,45,46,57.8,56.5,122.0,116.8
Utah Jazz,2023,38,42,55.3,31.0,117.0,113.6
Chicago Bulls,2023,46,41,54.3,39.0,112.2,109.8
New Orleans Pelicans,2023,42,42,52.4,40.5,113.6,112.3
Houston Rockets,2023,43,38,51.2,23.7,112.9,110.8
Atlanta Hawks,2023,41,49,51.2,44.9,122.5,118.9
Indiana Pacers,2023,40,41,47.5,36.6,122.0,118.7
Brooklyn Nets,2023,44,42,45.5,40.5,112.6,113.2
Dallas Mavericks,2023,38,43,44.7,46.5,117.7,115.5
Washington Wizards,2023,39,41,33.3,34.1,115.3,114.6
Portland Trail Blazers,2023,44,37,31.8,27.0,113.1,111.7
Charlotte Hornets,2023,41,38,31.7,31.6,109.1,111.6
San Antonio Spurs,2023,40,43,27.5,16.3,116.1,110.0
Detroit Pistons,2023,40,39,15.0,15.4,111.3,108.8
Memphis Grizzlies,2022,45,52,80.0,53.8,119.1,114.5
Golden State Warriors,2022,56,56,78.6,35.7,115.4,110.8
Dallas Mavericks,2022,54,51,77.8,49.0,111.0,109.3
Phoenix Suns,2022,48,52,72.9,57.7,115.9,114.0
Philadelphia 76ers,2022,54,44,70.4,56.8,111.4,111.5
Atlanta Hawks,2022,47,47,70.2,34.0,117.1,112.1
Cleveland Cavaliers,2022,46,43,69.6,37.2,110.0,108.2
Boston Celtics,2022,58,52,69.0,69.2,115.0,113.7
Miami Heat,2022,57,49,64.9,55.1,110.5,108.6
Milwaukee Bucks,2022,51,46,64.7,52.2,115.7,112.0
Denver Nuggets,2022,47,47,63.8,59.6,118.9,113.9
Utah Jazz,2022,44,52,63.6,32.7,117.1,109.2
New Orleans Pelicans,2022,51,45,62.7,48.9,115.1,113.3
Toronto Raptors,2022,48,49,62.5,49.0,113.6,108.3
Minnesota Timberwolves,2022,44,52,61.4,50.0,117.4,117.9
Los Angeles Clippers,2022,41,48,61.0,43.8,109.9,110.6
Chicago Bulls,2022,48,46,54.2,37.0,114.4,110.4
Sacramento Kings,2022,40,43,50.0,41.9,118.3,110.6
Brooklyn Nets,2022,46,48,50.0,52.1,112.4,115.2
Washington Wizards,2022,45,43,48.9,27.9,112.7,108.1
New York Knicks,2022,44,43,47.7,48.8,111.2,110.6
Los Angeles Lakers,2022,40,47,45.0,27.7,113.2,113.7
Orlando Magic,2022,48,40,43.8,27.5,109.7,105.3
Indiana Pacers,2022,42,45,42.9,33.3,117.8,112.0
Portland Trail Blazers,2022,36,50,38.9,36.0,110.4,105.4
Charlotte Hornets,2022,48,41,37.5,39.0,110.3,115.5
San Antonio Spurs,2022,47,43,34.0,39.5,111.7,113.7
Detroit Pistons,2022,45,47,33.3,27.7,110.2,108.3
Oklahoma City Thunder,2022,43,44,32.6,34.1,110.8,109.6
Houston Rockets,2022,44,42,27.3,26.2,112.0,110.4
Utah Jazz,2021,62,56,82.3,58.9,118.3,114.3
Phoenix Suns,2021,67,61,76.1,65.6,115.2,111.7
Golden State Warriors,2021,59,50,74.6,50.0,115.7,109.8
Brooklyn Nets,2021,59,57,74.6,59.6,114.2,116.4
Milwaukee Bucks,2021,65,67,73.8,55.2,116.4,114.5
Philadelphia 76ers,2021,57,61,68.4,55.7,115.0,109.1
Denver Nuggets,2021,53,63,64.2,54.0,114.0,110.3
Miami Heat,2021,54,60,63.0,53.3,109.0,106.6
Los Angeles Clippers,2021,68,58,61.8,51.7,111.8,109.8
New York Knicks,2021,58,54,60.3,48.1,107.8,104.9
Boston Celtics,2021,55,58,60.0,36.2,112.2,109.5
Atlanta Hawks,2021,62,63,59.7,46.0,113.1,108.8
Washington Wizards,2021,51,62,58.8,38.7,115.8,110.6
Chicago Bulls,2021,52,52,57.7,50.0,111.0,110.3
Memphis Grizzlies,2021,61,57,55.7,56.1,110.6,114.1
Dallas Mavericks,2021,56,58,55.4,58.6,109.0,111.4
Los Angeles Lakers,2021,60,57,53.3,49.1,109.7,107.4
Charlotte Hornets,2021,49,60,53.1,41.7,109.6,111.7
Portland Trail Blazers,2021,59,54,52.5,44.4,113.6,112.7
New Orleans Pelicans,2021,52,54,48.1,31.5,113.1,110.0
Toronto Raptors,2021,54,51,46.3,37.3,109.7,110.9
Sacramento Kings,2021,56,52,44.6,42.3,112.3,112.0
Indiana Pacers,2021,55,54,41.8,44.4,112.2,113.0
Minnesota Timberwolves,2021,56,51,41.1,33.3,108.6,114.0
San Antonio Spurs,2021,54,54,40.7,48.1,111.9,109.9
Cleveland Cavaliers,2021,53,55,39.6,36.4,107.4,102.1
Oklahoma City Thunder,2021,54,53,35.2,30.2,105.0,102.2
Detroit Pistons,2021,52,53,34.6,17.0,103.6,105.1
Houston Rockets,2021,53,56,30.2,19.6,107.7,107.9
Orlando Magic,2021,51,56,25.5,21.4,103.7,101.3
Philadelphia 76ers,2020,24,27,79.2,29.6,112.5,107.3
Los Angeles Lakers,2020,40,31,70.0,74.2,115.0,113.0
Houston Rockets,2020,30,30,66.7,40.0,116.1,112.8
Milwaukee Bucks,2020,28,31,64.3,54.8,117.5,115.6
Miami Heat,2020,36,34,63.9,44.1,111.6,109.4
Memphis Grizzlies,2020,23,28,60.9,42.9,114.0,113.9
Toronto Raptors,2020,28,31,60.7,80.6,109.6,113.1
Los Angeles Clippers,2020,32,29,59.4,65.5,115.3,114.0
Portland Trail Blazers,2020,27,30,59.3,33.3,118.7,110.6
Atlanta Hawks,2020,22,19,59.1,26.3,121.5,112.6
Denver Nuggets,2020,34,35,58.8,45.7,112.9,111.2
New Orleans Pelicans,2020,22,26,54.5,57.7,119.5,114.9
Boston Celtics,2020,35,33,54.3,60.6,114.3,110.7
Phoenix Suns,2020,26,26,53.8,50.0,112.2,111.0
Utah Jazz,2020,28,28,53.6,64.3,111.9,114.3
Oklahoma City Thunder,2020,28,28,53.6,67.9,110.6,109.8
Indiana Pacers,2020,27,27,51.9,55.6,109.9,108.8
San Antonio Spurs,2020,20,29,50.0,37.9,115.0,112.6
Sacramento Kings,2020,26,24,50.0,50.0,114.8,113.3
Brooklyn Nets,2020,29,25,48.3,44.0,113.2,111.5
New York Knicks,2020,21,21,47.6,33.3,107.0,106.3
Dallas Mavericks,2020,28,30,42.9,56.7,118.8,115.2
Washington Wizards,2020,30,21,40.0,19.0,110.6,112.5
Orlando Magic,2020,25,32,40.0,53.1,109.7,111.7
Chicago Bulls,2020,21,19,38.1,31.6,108.4,110.0
Cleveland Cavaliers,2020,25,16,36.0,31.3,110.3,106.2
Minnesota Timberwolves,2020,20,19,25.0,26.3,111.3,115.2
Charlotte Hornets,2020,17,20,23.5,45.0,101.2,106.2
Detroit Pistons,2020,19,21,21.1,28.6,105.3,105.6
Golden State Warriors,2020,18,19,16.7,36.8,106.4,108.7
Milwaukee Bucks,2019,50,52,82.0,75.0,119.3,117.8
Denver Nuggets,2019,52,47,78.8,51.1,111.4,108.0
Utah Jazz,2019,45,42,77.8,45.2,111.8,111.1
Houston Rockets,2019,47,49,76.6,57.1,118.7,115.8
Philadelphia 76ers,2019,48,49,75.0,51.0,114.9,109.9
Boston Celtics,2019,46,44,73.9,59.1,113.4,109.0
Toronto Raptors,2019,57,49,73.7,61.2,113.5,110.9
Indiana Pacers,2019,45,42,71.1,38.1,110.8,105.9
Miami Heat,2019,41,44,68.3,50.0,112.0,105.1
San Antonio Spurs,2019,45,43,66.7,37.2,113.1,109.4
Portland Trail Blazers,2019,48,51,64.6,47.1,117.7,111.0
Oklahoma City Thunder,2019,46,41,60.9,43.9,114.0,110.1
Brooklyn Nets,2019,40,44,60.0,45.5,111.2,112.8
Los Angeles Clippers,2019,47,43,59.6,58.1,115.2,112.7
Orlando Magic,2019,42,48,59.5,39.6,106.1,105.8
Golden State Warriors,2019,52,54,55.8,51.9,114.8,112.1
Detroit Pistons,2019,45,46,55.6,32.6,109.9,103.7
Los Angeles Lakers,2019,40,44,55.0,52.3,110.5,111.5
Sacramento Kings,2019,41,43,51.2,30.2,111.5,108.8
Dallas Mavericks,2019,41,43,46.3,46.5,110.6,111.4
Minnesota Timberwolves,2019,38,43,44.7,34.9,112.7,112.8
Charlotte Hornets,2019,41,46,43.9,37.0,108.9,103.8
Washington Wizards,2019,39,42,43.6,31.0,115.8,115.0
Memphis Grizzlies,2019,44,39,40.9,28.2,109.2,105.4
Cleveland Cavaliers,2019,40,41,35.0,17.1,105.5,104.3
Phoenix Suns,2019,42,39,33.3,28.2,113.0,109.4
Atlanta Hawks,2019,42,43,33.3,27.9,112.9,110.0
New Orleans Pelicans,2019,40,43,32.5,44.2,113.4,115.4
Chicago Bulls,2019,44,40,27.3,37.5,105.8,109.4
New York Knicks,2019,44,38,20.5,23.7,104.1,101.0
Philadelphia 76ers,2018,51,45,84.3,48.9,114.6,109.3
Houston Rockets,2018,52,52,78.8,63.5,111.7,107.1
Denver Nuggets,2018,42,42,78.6,47.6,112.0,110.3
Toronto Raptors,2018,52,48,76.9,60.4,113.1,111.2
Portland Trail Blazers,2018,48,45,75.0,42.2,112.1,107.2
Indiana Pacers,2018,43,50,74.4,54.0,106.6,104.2
San Antonio Spurs,2018,47,46,72.3,28.3,107.4,106.4
Milwaukee Bucks,2018,47,47,72.3,46.8,114.0,108.7
Golden State Warriors,2018,56,53,71.4,58.5,114.0,112.0
Minnesota Timberwolves,2018,45,47,68.9,25.5,113.2,107.4
Oklahoma City Thunder,2018,44,47,68.2,55.3,112.0,109.9
Boston Celtics,2018,49,52,67.3,48.1,107.8,105.0
New Orleans Pelicans,2018,47,51,66.0,41.2,115.9,111.4
Charlotte Hornets,2018,45,42,62.2,40.5,114.0,110.9
Los Angeles Lakers,2018,47,43,61.7,44.2,109.7,112.1
Utah Jazz,2018,44,52,61.4,59.6,107.1,106.6
Los Angeles Clippers,2018,44,42,61.4,54.8,113.3,113.6
Miami Heat,2018,48,44,60.4,38.6,107.1,105.7
Washington Wizards,2018,45,47,53.3,36.2,111.8,107.3
Detroit Pistons,2018,45,41,53.3,31.7,107.4,104.6
Cleveland Cavaliers,2018,55,54,52.7,35.2,107.8,104.4
Dallas Mavericks,2018,42,41,52.4,17.1,109.6,104.3
Memphis Grizzlies,2018,42,44,50.0,20.5,103.0,99.1
Orlando Magic,2018,47,38,44.7,23.7,104.2,100.2
Sacramento Kings,2018,43,44,41.9,38.6,106.7,107.0
Atlanta Hawks,2018,41,46,41.5,21.7,108.2,104.4
Brooklyn Nets,2018,45,43,37.8,39.5,108.6,107.1
Chicago Bulls,2018,45,43,33.3,25.6,104.4,101.2
New York Knicks,2018,39,49,23.1,28.6,107.1,105.7
Phoenix Suns,2018,42,44,21.4,18.2,102.5,104.5
Golden State Warriors,2017,57,49,82.5,77.6,115.8,115.8
San Antonio Spurs,2017,56,51,78.6,51.0,107.4,100.8
Washington Wizards,2017,48,56,77.1,48.2,110.7,107.6
Boston Celtics,2017,60,50,75.0,62.0,108.7,103.7
Toronto Raptors,2017,46,53,73.9,49.1,110.4,102.1
Houston Rockets,2017,51,46,68.6,63.0,115.6,112.5
Utah Jazz,2017,47,52,68.1,40.4,102.3,100.9
Oklahoma City Thunder,2017,46,47,67.4,38.3,107.8,102.4
Cleveland Cavaliers,2017,51,58,66.7,51.7,110.8,110.3
Miami Heat,2017,44,46,65.9,52.2,106.1,101.2
Detroit Pistons,2017,44,43,65.9,34.9,105.0,100.7
Denver Nuggets,2017,42,48,64.3,43.8,112.6,109.6
Los Angeles Clippers,2017,48,45,62.5,44.4,108.0,105.4
Indiana Pacers,2017,46,46,60.9,41.3,107.4,105.2
Minnesota Timberwolves,2017,43,46,60.5,41.3,107.8,107.2
Milwaukee Bucks,2017,47,47,57.4,44.7,102.5,102.9
Dallas Mavericks,2017,48,44,54.2,31.8,101.9,99.1
Portland Trail Blazers,2017,47,44,53.2,54.5,107.2,103.9
Chicago Bulls,2017,47,49,53.2,36.7,102.0,102.5
New Orleans Pelicans,2017,40,47,50.0,40.4,111.0,104.8
Atlanta Hawks,2017,48,48,50.0,33.3,105.6,101.6
Charlotte Hornets,2017,45,44,48.9,22.7,107.0,101.8
Philadelphia 76ers,2017,41,50,48.8,38.0,106.2,106.3
Memphis Grizzlies,2017,46,48,47.8,33.3,100.3,100.6
New York Knicks,2017,49,41,46.9,24.4,105.1,101.1
Orlando Magic,2017,43,48,41.9,22.9,102.6,104.0
Sacramento Kings,2017,45,46,37.8,30.4,101.8,98.4
Los Angeles Lakers,2017,48,39,35.4,25.6,106.1,104.9
Brooklyn Nets,2017,46,44,32.6,29.5,105.8,107.6
Phoenix Suns,2017,48,42,31.3,33.3,108.7,105.8
Golden State Warriors,2016,59,56,88.1,73.2,116.3,111.8
San Antonio Spurs,2016,45,52,82.2,75.0,104.9,103.4
Cleveland Cavaliers,2016,60,51,80.0,60.8,110.5,103.8
Toronto Raptors,2016,55,52,76.4,55.8,106.8,101.3
Oklahoma City Thunder,2016,52,53,71.2,54.7,109.6,107.5
Los Angeles Clippers,2016,48,48,70.8,52.1,107.0,103.5
Boston Celtics,2016,44,53,70.5,49.1,106.8,105.3
Charlotte Hornets,2016,46,53,69.6,45.3,104.1,101.0
Portland Trail Blazers,2016,50,49,68.0,36.7,108.5,105.9
Houston Rockets,2016,43,51,67.4,52.9,111.8,109.1
Indiana Pacers,2016,47,50,66.0,36.0,103.4,101.4
Washington Wizards,2016,48,43,62.5,39.5,107.5,103.6
Atlanta Hawks,2016,47,51,61.7,47.1,103.6,100.9
Memphis Grizzlies,2016,49,45,61.2,44.4,100.8,98.4
Utah Jazz,2016,47,43,59.6,51.2,98.9,98.0
Milwaukee Bucks,2016,46,40,56.5,32.5,103.8,98.1
Chicago Bulls,2016,45,48,55.6,37.5,102.0,101.3
Miami Heat,2016,50,57,54.0,42.1,104.4,96.7
Detroit Pistons,2016,47,47,53.2,40.4,101.7,98.5
New York Knicks,2016,44,44,52.3,31.8,102.4,101.4
New Orleans Pelicans,2016,50,41,50.0,24.4,105.5,100.7
Denver Nuggets,2016,44,46,47.7,39.1,109.0,101.9
Dallas Mavericks,2016,46,50,45.7,30.0,102.0,95.7
Sacramento Kings,2016,40,48,45.0,39.6,108.6,102.7
Orlando Magic,2016,45,46,44.4,28.3,102.6,99.4
Minnesota Timberwolves,2016,44,45,40.9,33.3,104.6,103.0
Brooklyn Nets,2016,43,45,37.2,11.1,102.3,101.8
Los Angeles Lakers,2016,54,39,35.2,15.4,101.4,100.0
Phoenix Suns,2016,41,46,34.1,23.9,102.9,101.8
Philadelphia 76ers,2016,50,37,24.0,13.5,100.1,99.5
Golden State Warriors,2015,57,55,93.0,69.1,110.7,109.2
San Antonio Spurs,2015,50,45,88.0,53.3,104.9,99.9
Oklahoma City Thunder,2015,47,40,80.9,45.0,109.6,105.2
Cleveland Cavaliers,2015,52,55,78.8,54.5,102.7,100.0
Atlanta Hawks,2015,53,55,73.6,56.4,102.1,100.3
Memphis Grizzlies,2015,50,52,72.0,48.1,96.2,94.9
Houston Rockets,2015,56,54,67.9,44.4,107.5,103.9
Chicago Bulls,2015,56,44,67.9,40.9,99.4,100.3
Indiana Pacers,2015,45,43,66.7,44.2,102.2,99.0
Los Angeles Clippers,2015,50,53,66.0,60.4,105.7,105.0
Portland Trail Blazers,2015,43,53,65.1,28.3,105.8,97.9
Charlotte Hornets,2015,45,43,62.2,44.2,98.0,96.1
Miami Heat,2015,47,41,61.7,39.0,98.7,92.1
Toronto Raptors,2015,45,49,60.0,46.9,100.2,100.0
Detroit Pistons,2015,45,47,60.0,38.3,104.1,97.6
Dallas Mavericks,2015,43,50,58.1,44.0,102.2,101.3
Washington Wizards,2015,45,52,57.8,40.4,103.6,96.5
New Orleans Pelicans,2015,46,47,56.5,34.0,101.3,98.2
Utah Jazz,2015,45,43,55.6,44.2,96.8,94.3
Milwaukee Bucks,2015,49,46,55.1,30.4,97.8,96.0
Boston Celtics,2015,46,48,54.3,54.2,100.0,101.9
Phoenix Suns,2015,48,41,52.1,29.3,103.3,98.3
Orlando Magic,2015,49,37,49.0,32.4,99.6,97.8
Sacramento Kings,2015,42,46,47.6,28.3,101.2,103.0
Brooklyn Nets,2015,46,48,43.5,33.3,99.4,96.7
Denver Nuggets,2015,41,49,41.5,32.7,102.5,98.7
New York Knicks,2015,43,43,39.5,30.2,94.4,92.9
Philadelphia 76ers,2015,43,50,34.9,8.0,94.4,91.6
Los Angeles Lakers,2015,44,46,27.3,15.2,95.9,96.3
Minnesota Timberwolves,2015,48,44,27.1,27.3,98.3,98.2
Memphis Grizzlies,2014,46,51,78.3,56.9,101.7,95.7
Toronto Raptors,2014,52,47,76.9,57.4,104.6,102.3
Houston Rockets,2014,47,46,76.6,58.7,105.6,105.5
Portland Trail Blazers,2014,50,50,76.0,50.0,106.3,102.5
San Antonio Spurs,2014,57,55,75.4,56.4,107.7,101.5
Los Angeles Clippers,2014,55,48,74.5,52.1,108.4,107.2
Golden State Warriors,2014,45,49,73.3,65.3,107.4,106.0
Brooklyn Nets,2014,50,49,70.0,44.9,100.0,96.4
Charlotte Bobcats,2014,25,29,68.0,41.4,99.6,98.6
Oklahoma City Thunder,2014,55,55,65.5,47.3,104.8,101.5
Chicago Bulls,2014,49,48,63.3,66.7,98.6,96.4
Indiana Pacers,2014,54,57,63.0,38.6,95.9,93.5
Dallas Mavericks,2014,51,48,62.7,60.4,109.0,103.7
Atlanta Hawks,2014,48,47,60.4,44.7,99.7,100.3
New Orleans Pelicans,2014,45,47,57.8,31.9,102.6,96.0
Miami Heat,2014,59,53,57.6,50.9,99.4,97.7
Phoenix Suns,2014,42,50,57.1,54.0,107.3,105.3
Washington Wizards,2014,55,48,56.4,62.5,98.8,99.1
Denver Nuggets,2014,46,46,54.3,26.1,106.9,101.6
Cleveland Cavaliers,2014,48,41,52.1,48.8,99.8,101.4
Sacramento Kings,2014,44,46,45.5,28.3,103.3,99.0
Minnesota Timberwolves,2014,44,44,45.5,34.1,104.3,104.2
Utah Jazz,2014,44,44,43.2,27.3,98.1,95.9
New York Knicks,2014,44,49,43.2,34.7,98.2,97.1
Orlando Magic,2014,41,52,41.5,23.1,98.9,92.5
Boston Celtics,2014,46,42,41.3,21.4,99.1,99.3
Charlotte Hornets,2014,22,19,40.9,21.1,96.1,94.1
Detroit Pistons,2014,43,44,39.5,25.0,100.2,99.0
Milwaukee Bucks,2014,42,49,35.7,26.5,96.7,98.8
Los Angeles Lakers,2014,48,42,29.2,31.0,103.5,103.5
Philadelphia 76ers,2014,44,46,11.4,23.9,97.4,92.5
Miami Heat,2013,58,57,86.2,70.2,104.3,98.6
San Antonio Spurs,2013,55,53,78.2,60.4,104.1,99.8
Denver Nuggets,2013,50,43,78.0,44.2,105.2,103.2
Indiana Pacers,2013,56,51,76.8,52.9,97.7,94.4
Oklahoma City Thunder,2013,49,51,75.5,62.7,106.1,102.5
Los Angeles Clippers,2013,46,52,73.9,48.1,105.4,97.6
Houston Rockets,2013,48,50,70.8,46.0,106.7,104.5
Golden State Warriors,2013,51,52,68.6,38.5,102.0,100.5
New Orleans Pelicans,2013,17,20,64.7,50.0,102.9,102.3
Washington Wizards,2013,43,46,62.8,30.4,100.3,93.4
Dallas Mavericks,2013,46,44,60.9,52.3,103.5,100.8
Memphis Grizzlies,2013,53,53,60.4,54.7,94.0,92.4
Chicago Bulls,2013,48,55,60.4,45.5,94.2,91.9
Los Angeles Lakers,2013,50,46,60.0,37.0,100.8,98.5
Atlanta Hawks,2013,47,51,59.6,35.3,99.1,97.7
Utah Jazz,2013,46,46,58.7,26.1,97.1,93.6
Boston Celtics,2013,50,46,58.0,32.6,97.4,92.8
Portland Trail Blazers,2013,45,47,55.6,48.9,101.8,100.7
Brooklyn Nets,2013,45,51,55.6,51.0,97.0,99.1
New York Knicks,2013,50,51,54.0,45.1,98.0,94.2
Philadelphia 76ers,2013,44,43,50.0,18.6,98.1,95.1
New Orleans Hornets,2013,26,26,50.0,26.9,96.2,94.8
Toronto Raptors,2013,47,40,48.9,50.0,97.8,99.3
Minnesota Timberwolves,2013,45,47,48.9,29.8,99.6,100.0
Phoenix Suns,2013,42,44,47.6,38.6,97.8,97.2
Cleveland Cavaliers,2013,49,40,44.9,22.5,98.4,95.2
Charlotte Bobcats,2013,46,45,43.5,26.7,94.2,90.0
Sacramento Kings,2013,44,45,43.2,28.9,103.8,99.0
Detroit Pistons,2013,45,44,40.0,38.6,97.2,96.0
Milwaukee Bucks,2013,45,49,35.6,28.6,98.0,95.4
Orlando Magic,2013,46,44,28.3,15.9,95.8,95.2
Oklahoma City Thunder,2012,62,56,83.9,55.4,106.2,100.2
San Antonio Spurs,2012,55,60,83.6,65.0,105.7,102.5
Miami Heat,2012,66,56,81.8,51.8,101.4,95.9
Memphis Grizzlies,2012,54,51,77.8,45.1,97.2,92.5
Los Angeles Clippers,2012,60,53,73.3,54.7,99.5,96.3
Utah Jazz,2012,50,56,72.0,33.9,100.8,97.6
Chicago Bulls,2012,59,45,71.2,62.2,93.8,94.2
New York Knicks,2012,48,55,70.8,45.5,100.1,97.0
Indiana Pacers,2012,53,58,69.8,51.7,97.9,92.8
Atlanta Hawks,2012,53,51,69.8,47.1,98.5,93.7
Boston Celtics,2012,60,58,68.3,41.4,93.7,91.2
Houston Rockets,2012,53,47,66.0,40.4,103.1,98.5
Denver Nuggets,2012,47,61,66.0,45.9,103.3,101.4
Dallas Mavericks,2012,50,53,66.0,32.1,98.6,94.3
Los Angeles Lakers,2012,58,53,63.8,39.6,98.4,97.2
Portland Trail Blazers,2012,48,51,62.5,25.5,100.7,93.4
Phoenix Suns,2012,50,51,62.0,31.4,100.4,96.3
Philadelphia 76ers,2012,59,54,61.0,44.4,93.6,92.0
Detroit Pistons,2012,51,52,56.9,19.2,94.8,89.7
Brooklyn Nets,2012,22,15,54.5,46.7,96.4,91.8
Sacramento Kings,2012,50,49,54.0,20.4,101.6,95.1
Minnesota Timberwolves,2012,47,49,53.2,38.8,95.4,98.0
Orlando Magic,2012,54,52,51.9,40.4,95.9,91.2
Toronto Raptors,2012,48,52,50.0,26.9,94.9,91.7
Milwaukee Bucks,2012,50,50,50.0,46.0,98.8,96.8
Golden State Warriors,2012,45,55,48.9,45.5,100.5,97.9
New Orleans Hornets,2012,49,52,30.6,28.8,88.9,90.8
Cleveland Cavaliers,2012,49,52,30.6,26.9,92.8,93.5
Washington Wizards,2012,47,52,29.8,25.0,94.7,90.9
New Jersey Nets,2012,32,30,28.1,40.0,95.0,92.3
Charlotte Bobcats,2012,51,51,17.6,11.8,90.8,88.4
San Antonio Spurs,2011,28,34,85.7,44.1,104.5,98.3
Chicago Bulls,2011,35,38,85.7,65.8,97.7,96.3
Denver Nuggets,2011,29,33,79.3,42.4,113.0,102.3
Boston Celtics,2011,32,34,78.1,44.1,98.4,91.0
Oklahoma City Thunder,2011,35,37,77.1,56.8,105.5,103.2
Memphis Grizzlies,2011,35,33,77.1,39.4,102.6,95.7
Miami Heat,2011,37,38,75.7,63.2,102.3,98.0
Portland Trail Blazers,2011,34,26,73.5,46.2,99.0,94.2
Orlando Magic,2011,30,31,73.3,48.4,97.7,99.5
Los Angeles Clippers,2011,24,30,70.8,26.7,104.0,96.9
Dallas Mavericks,2011,37,41,70.3,58.5,103.1,97.0
Philadelphia 76ers,2011,30,30,66.7,43.3,101.0,98.4
Los Angeles Lakers,2011,36,30,66.7,56.7,100.1,96.3
Golden State Warriors,2011,32,24,65.6,20.8,104.2,102.0
Indiana Pacers,2011,29,33,62.1,27.3,102.3,96.9
Houston Rockets,2011,29,27,62.1,44.4,104.6,105.3
New Orleans Hornets,2011,30,30,60.0,50.0,93.7,95.4
Atlanta Hawks,2011,33,32,57.6,43.8,91.8,93.2
New York Knicks,2011,30,30,56.7,36.7,106.6,100.7
Milwaukee Bucks,2011,30,27,56.7,29.6,93.4,92.5
Phoenix Suns,2011,29,28,51.7,42.9,102.3,102.8
Charlotte Bobcats,2011,29,27,51.7,37.0,94.7,91.0
Detroit Pistons,2011,28,27,50.0,25.9,99.5,94.2
New Jersey Nets,2011,28,27,46.4,11.1,95.9,92.1
Utah Jazz,2011,26,29,46.2,24.1,100.4,96.2
Washington Wizards,2011,28,28,42.9,10.7,97.3,96.2
Toronto Raptors,2011,27,28,33.3,10.7,97.7,95.7
Sacramento Kings,2011,27,32,33.3,34.4,100.7,101.5
Cleveland Cavaliers,2011,28,27,25.0,22.2,97.3,95.5
Minnesota Timberwolves,2011,30,24,23.3,16.7,99.5,100.1
Denver Nuggets,2010,48,47,81.3,40.4,109.3,104.2
Los Angeles Lakers,2010,54,60,79.6,53.3,103.1,99.8
Orlando Magic,2010,53,52,79.2,61.5,103.9,97.3
San Antonio Spurs,2010,50,50,76.0,56.0,105.0,98.1
Utah Jazz,2010,50,51,74.0,62.7,105.8,102.3
Atlanta Hawks,2010,52,52,73.1,40.4,98.9,94.6
Oklahoma City Thunder,2010,49,47,69.4,55.3,104.3,101.5
Boston Celtics,2010,58,56,69.0,58.9,97.8,97.6
Cleveland Cavaliers,2010,52,46,67.3,43.5,99.3,98.8
Milwaukee Bucks,2010,45,52,66.7,42.3,95.6,94.1
Miami Heat,2010,45,52,66.7,55.8,99.6,95.3
Dallas Mavericks,2010,51,44,66.7,65.9,98.9,100.8
Chicago Bulls,2010,47,49,66.0,46.9,102.0,97.5
Phoenix Suns,2010,54,50,64.8,48.0,108.4,107.1
Charlotte Bobcats,2010,48,47,64.6,34.0,98.0,91.3
Portland Trail Blazers,2010,45,49,64.4,44.9,98.2,96.5
Indiana Pacers,2010,46,43,60.9,27.9,103.3,97.1
Memphis Grizzlies,2010,44,46,56.8,45.7,101.0,101.1
New Orleans Hornets,2010,46,47,56.5,36.2,99.0,96.4
Houston Rockets,2010,47,42,55.3,38.1,104.1,103.8
Toronto Raptors,2010,46,43,52.2,34.9,104.6,102.4
Golden State Warriors,2010,45,46,51.1,21.7,109.7,102.5
New York Knicks,2010,42,47,50.0,34.0,106.0,102.7
Detroit Pistons,2010,46,45,43.5,22.2,98.0,93.3
Washington Wizards,2010,45,45,42.2,17.8,96.9,93.3
Philadelphia 76ers,2010,44,46,40.9,32.6,98.2,96.7
Los Angeles Clippers,2010,47,44,40.4,15.9,97.4,95.1
Minnesota Timberwolves,2010,44,46,38.6,10.9,104.5,100.0
New Jersey Nets,2010,44,46,29.5,15.2,92.6,93.8
Sacramento Kings,2010,45,42,28.9,16.7,98.4,94.2
Cleveland Cavaliers,2009,51,55,86.3,63.6,100.4,98.1
Denver Nuggets,2009,52,52,84.6,42.3,111.4,101.4
Los Angeles Lakers,2009,64,50,82.8,68.0,105.7,104.0
Utah Jazz,2009,45,48,80.0,35.4,104.8,101.0
Dallas Mavericks,2009,50,50,80.0,46.0,105.8,98.2
Houston Rockets,2009,50,53,78.0,45.3,99.9,97.7
Orlando Magic,2009,57,56,77.2,60.7,102.3,99.7
Portland Trail Blazers,2009,50,48,76.0,47.9,101.3,93.9
Boston Celtics,2009,48,54,75.0,63.0,103.6,98.1
Phoenix Suns,2009,46,46,73.9,39.1,116.4,107.0
Atlanta Hawks,2009,49,51,71.4,41.2,101.1,96.6
New Orleans Hornets,2009,46,51,69.6,29.4,96.4,95.4
Charlotte Bobcats,2009,41,47,68.3,21.3,96.7,91.4
San Antonio Spurs,2009,48,44,66.7,56.8,100.5,96.8
Chicago Bulls,2009,51,44,66.7,34.1,100.3,98.6
Indiana Pacers,2009,45,44,62.2,22.7,104.3,102.5
Miami Heat,2009,50,46,62.0,34.8,99.4,94.7
Golden State Warriors,2009,43,44,53.5,20.5,114.6,104.5
Toronto Raptors,2009,47,44,53.2,31.8,102.5,99.7
Milwaukee Bucks,2009,47,40,53.2,22.5,103.8,94.2
Oklahoma City Thunder,2009,44,44,52.3,36.4,97.6,99.3
Philadelphia 76ers,2009,46,51,52.2,39.2,96.5,98.9
New York Knicks,2009,48,42,47.9,31.0,104.1,102.4
Memphis Grizzlies,2009,43,46,46.5,26.1,97.9,96.6
Los Angeles Clippers,2009,46,44,45.7,20.5,95.9,97.1
Detroit Pistons,2009,48,48,43.8,29.2,92.5,93.0
New Jersey Nets,2009,42,47,40.5,12.8,95.5,93.6
Sacramento Kings,2009,44,44,38.6,18.2,105.7,100.9
Washington Wizards,2009,40,50,37.5,24.0,99.4,96.1
Minnesota Timberwolves,2009,47,45,29.8,31.1,98.2,97.1
Boston Celtics,2008,62,58,87.1,62.1,100.5,97.1
Utah Jazz,2008,51,50,84.3,46.0,106.6,100.2
Los Angeles Lakers,2008,60,50,83.3,64.0,107.9,105.5
New Orleans Hornets,2008,52,46,80.8,58.7,101.6,98.1
Houston Rockets,2008,49,47,79.6,61.7,97.9,96.1
Cleveland Cavaliers,2008,53,49,79.2,51.0,98.2,95.5
Denver Nuggets,2008,43,52,79.1,46.2,110.9,106.2
Detroit Pistons,2008,56,50,73.2,58.0,95.9,92.5
San Antonio Spurs,2008,53,55,71.7,52.7,97.1,91.6
Orlando Magic,2008,52,45,71.2,62.2,103.8,101.4
Dallas Mavericks,2008,45,50,71.1,46.0,102.4,97.8
Atlanta Hawks,2008,47,53,70.2,34.0,101.6,95.7
Phoenix Suns,2008,50,43,66.0,55.8,108.6,103.8
Portland Trail Blazers,2008,42,48,64.3,41.7,99.7,93.8
Golden State Warriors,2008,42,47,64.3,31.9,113.2,106.3
Chicago Bulls,2008,46,47,56.5,29.8,100.8,98.5
Sacramento Kings,2008,46,47,54.3,23.4,103.1,99.5
Philadelphia 76ers,2008,46,49,52.2,42.9,97.0,96.4
Toronto Raptors,2008,47,46,51.1,32.6,101.9,97.2
Indiana Pacers,2008,45,44,51.1,27.3,106.4,99.6
New Jersey Nets,2008,44,46,45.5,37.0,99.8,97.2
Washington Wizards,2008,47,49,44.7,34.7,98.2,93.1
Milwaukee Bucks,2008,45,48,42.2,25.0,99.0,94.8
Charlotte Bobcats,2008,45,48,42.2,27.1,96.6,94.4
Memphis Grizzlies,2008,46,46,41.3,15.2,99.5,96.0
Minnesota Timberwolves,2008,47,44,38.3,27.3,95.6,97.3
Miami Heat,2008,46,41,37.0,22.0,93.2,91.1
New York Knicks,2008,41,49,36.6,30.6,101.9,100.5
Seattle SuperSonics,2008,25,26,32.0,11.5,98.5,95.9
Los Angeles Clippers,2008,47,43,23.4,27.9,91.2,96.7
Oklahoma City Thunder,2008,17,21,17.6,4.8,92.7,93.8
Dallas Mavericks,2007,48,48,87.5,58.3,104.1,96.9
San Antonio Spurs,2007,55,50,83.6,58.0,99.4,95.2
Phoenix Suns,2007,47,55,76.6,67.3,109.0,109.1
Detroit Pistons,2007,55,53,72.7,62.3,97.6,94.7
Utah Jazz,2007,51,57,72.5,38.6,104.5,98.9
Toronto Raptors,2007,48,44,70.8,47.7,100.9,96.2
Golden State Warriors,2007,43,55,67.4,43.6,110.5,105.5
Chicago Bulls,2007,48,49,62.5,42.9,97.3,93.3
Cleveland Cavaliers,2007,53,57,62.3,47.4,95.5,93.9
Portland Trail Blazers,2007,47,41,61.7,29.3,97.0,94.1
Houston Rockets,2007,47,47,61.7,51.1,97.1,95.8
Oklahoma City Hornets,2007,28,24,60.7,41.7,98.1,99.1
Denver Nuggets,2007,48,48,60.4,47.9,106.5,103.3
New Jersey Nets,2007,49,50,57.1,46.0,95.3,93.0
Orlando Magic,2007,44,49,56.8,49.0,98.7,98.5
Atlanta Hawks,2007,48,41,56.3,39.0,97.9,91.1
Washington Wizards,2007,45,46,55.6,37.0,100.9,99.4
New Orleans Hornets,2007,18,20,55.6,65.0,97.4,96.6
Charlotte Bobcats,2007,46,41,54.3,26.8,98.0,95.0
Boston Celtics,2007,46,43,54.3,44.2,94.6,95.4
Los Angeles Lakers,2007,47,45,53.2,42.2,107.0,101.0
Miami Heat,2007,44,49,52.3,32.7,95.6,92.8
Philadelphia 76ers,2007,48,41,50.0,46.3,94.0,94.4
Los Angeles Clippers,2007,40,48,50.0,41.7,95.0,95.6
Indiana Pacers,2007,46,43,50.0,34.9,101.8,97.1
New York Knicks,2007,42,40,47.6,25.0,96.2,93.9
Sacramento Kings,2007,45,45,46.7,28.9,102.6,97.5
Milwaukee Bucks,2007,45,43,44.4,14.0,98.2,93.3
Seattle SuperSonics,2007,43,45,37.2,26.7,99.4,98.3
Memphis Grizzlies,2007,46,39,37.0,25.6,107.0,99.9
Minnesota Timberwolves,2007,43,47,34.9,19.1,96.5,95.0
Dallas Mavericks,2006,58,56,81.0,57.1,100.3,95.4
Detroit Pistons,2006,57,52,78.9,53.8,97.1,93.6
Phoenix Suns,2006,54,54,75.9,50.0,110.9,108.8
San Antonio Spurs,2006,54,46,72.2,69.6,98.1,96.2
Los Angeles Lakers,2006,57,42,71.9,38.1,103.2,99.5
Sacramento Kings,2006,47,48,70.2,39.6,101.2,96.6
Miami Heat,2006,57,54,70.2,46.3,98.4,95.0
Utah Jazz,2006,43,48,69.8,47.9,98.2,96.8
Washington Wizards,2006,46,52,69.6,40.4,105.3,101.6
Chicago Bulls,2006,52,46,69.2,43.5,99.9,99.0
Orlando Magic,2006,45,50,68.9,34.0,97.5,95.1
Cleveland Cavaliers,2006,52,51,67.3,43.1,95.8,92.5
Los Angeles Clippers,2006,55,47,65.5,42.6,97.5,98.5
New Jersey Nets,2006,53,50,64.2,38.0,97.5,92.2
Denver Nuggets,2006,45,46,62.2,50.0,106.2,100.3
Indiana Pacers,2006,49,52,61.2,34.6,96.2,92.7
Milwaukee Bucks,2006,46,53,60.9,30.2,101.7,97.5
Golden State Warriors,2006,45,44,60.0,25.0,103.2,100.4
Memphis Grizzlies,2006,47,50,59.6,26.0,94.9,91.0
Seattle SuperSonics,2006,43,50,58.1,28.0,104.1,99.6
Oklahoma City Hornets,2006,43,47,58.1,31.9,94.7,91.0
Minnesota Timberwolves,2006,43,48,58.1,25.0,96.9,88.8
Toronto Raptors,2006,42,48,57.1,29.2,104.9,98.8
Houston Rockets,2006,46,46,54.3,50.0,92.8,92.3
Philadelphia 76ers,2006,40,47,47.5,29.8,99.0,94.4
New York Knicks,2006,50,43,44.0,25.6,101.4,94.4
Atlanta Hawks,2006,46,45,41.3,31.1,98.6,95.1
Boston Celtics,2006,44,46,40.9,34.8,97.1,100.0
Charlotte Bobcats,2006,47,43,38.3,20.9,97.3,95.5
Portland Trail Blazers,2006,45,47,37.8,19.1,95.2,87.8
Detroit Pistons,2005,58,57,84.5,57.9,97.7,92.1
San Antonio Spurs,2005,57,56,82.5,50.0,95.7,95.7
Miami Heat,2005,54,50,79.6,48.0,99.5,99.5
Los Angeles Clippers,2005,40,49,72.5,32.7,98.5,94.0
Cleveland Cavaliers,2005,47,42,72.3,33.3,99.1,97.0
Dallas Mavericks,2005,52,52,71.2,69.2,104.0,99.5
Denver Nuggets,2005,47,50,70.2,48.0,104.8,96.3
Washington Wizards,2005,48,52,66.7,32.7,103.4,96.2
Phoenix Suns,2005,54,51,64.8,70.6,109.0,108.0
Memphis Grizzlies,2005,45,46,64.4,56.5,92.7,93.0
Chicago Bulls,2005,47,52,63.8,48.1,98.1,94.4
Boston Celtics,2005,51,46,62.7,39.1,98.4,99.5
New Jersey Nets,2005,48,47,62.5,51.1,96.8,93.1
Indiana Pacers,2005,50,52,62.0,46.2,92.9,91.3
Milwaukee Bucks,2005,44,47,61.4,27.7,100.1,95.4
Philadelphia 76ers,2005,49,47,61.2,40.4,101.2,98.7
Sacramento Kings,2005,49,48,59.2,39.6,104.1,100.6
Seattle SuperSonics,2005,53,48,56.6,45.8,101.2,96.1
Houston Rockets,2005,43,51,55.8,60.8,91.5,96.4
Minnesota Timberwolves,2005,49,41,55.1,46.3,94.5,93.3
Orlando Magic,2005,47,41,53.2,29.3,98.9,91.0
Los Angeles Lakers,2005,46,46,52.2,34.8,99.9,96.3
Golden State Warriors,2005,44,47,50.0,42.6,103.2,97.3
Oklahoma City Hornets,2005,17,19,47.1,31.6,91.9,90.8
Utah Jazz,2005,44,45,43.2,26.7,91.6,89.1
Toronto Raptors,2005,47,41,38.3,39.0,100.0,98.3
New York Knicks,2005,42,46,38.1,23.9,98.2,93.4
Portland Trail Blazers,2005,48,44,37.5,18.2,91.9,90.3
Charlotte Bobcats,2005,46,48,34.8,16.7,96.1,94.0
New Orleans Hornets,2005,29,25,34.5,24.0,91.8,87.8
Atlanta Hawks,2005,40,49,32.5,10.2,96.3,93.0
San Antonio Spurs,2004,46,48,84.8,62.5,96.3,91.2
Miami Heat,2004,49,48,77.6,45.8,96.6,92.6
Minnesota Timberwolves,2004,53,48,77.4,52.1,96.9,93.6
Los Angeles Lakers,2004,52,52,76.9,46.2,98.0,92.6
Sacramento Kings,2004,46,50,76.1,50.0,105.0,97.0
Indiana Pacers,2004,50,48,76.0,58.3,91.6,92.0
Detroit Pistons,2004,53,52,75.5,53.8,90.6,89.0
Dallas Mavericks,2004,44,46,75.0,50.0,106.4,101.5
Memphis Grizzlies,2004,46,41,69.6,43.9,96.0,95.0
Cleveland Cavaliers,2004,39,42,66.7,40.5,98.6,91.9
Denver Nuggets,2004,44,45,65.9,33.3,97.5,94.6
New Jersey Nets,2004,46,48,65.2,39.6,91.1,87.7
Seattle SuperSonics,2004,41,43,63.4,44.2,101.3,95.8
New York Knicks,2004,44,42,61.4,40.5,95.0,93.8
Golden State Warriors,2004,43,41,60.5,24.4,97.3,90.2
Houston Rockets,2004,47,41,59.6,39.0,91.6,89.1
Phoenix Suns,2004,40,42,57.5,52.4,100.9,99.1
Utah Jazz,2004,40,45,55.0,33.3,90.3,89.5
Milwaukee Bucks,2004,44,40,54.5,32.5,100.0,95.1
Philadelphia 76ers,2004,41,40,53.7,30.0,93.3,89.2
Charlotte Bobcats,2004,15,14,53.3,7.1,93.3,89.9
Washington Wizards,2004,43,41,51.2,26.8,98.0,93.8
Portland Trail Blazers,2004,37,46,48.6,45.7,92.6,88.8
Boston Celtics,2004,42,43,47.6,32.6,95.6,98.0
Orlando Magic,2004,40,39,47.5,28.2,99.0,96.6
New Orleans Hornets,2004,42,46,45.2,15.2,91.0,86.1
Toronto Raptors,2004,41,46,43.9,26.1,90.6,89.4
Los Angeles Clippers,2004,43,43,41.9,25.6,95.6,92.5
Chicago Bulls,2004,41,39,39.0,20.5,89.9,89.9
Atlanta Hawks,2004,43,36,37.2,22.2,95.3,88.9
Sacramento Kings,2003,50,42,86.0,52.4,105.7,102.1
Los Angeles Lakers,2003,49,41,83.7,56.1,103.8,101.3
San Antonio Spurs,2003,54,52,77.8,71.2,95.9,94.1
Dallas Mavericks,2003,53,51,75.5,47.1,104.4,100.9
Minnesota Timberwolves,2003,43,44,74.4,54.5,99.7,96.1
Utah Jazz,2003,46,43,73.9,34.9,94.9,91.8
Indiana Pacers,2003,46,45,71.7,40.0,94.2,91.4
Portland Trail Blazers,2003,50,40,70.0,40.0,98.3,91.0
Detroit Pistons,2003,52,51,67.3,45.1,92.2,89.6
New Orleans Hornets,2003,45,43,66.7,51.2,96.7,90.4
Houston Rockets,2003,39,46,66.7,37.0,92.5,90.4
New Jersey Nets,2003,48,54,64.6,50.0,91.4,92.4
Milwaukee Bucks,2003,44,45,63.6,40.0,100.9,94.7
New York Knicks,2003,40,49,62.5,32.7,96.0,93.1
Golden State Warriors,2003,40,42,62.5,35.7,102.4,98.0
Seattle SuperSonics,2003,45,36,60.0,36.1,92.6,93.8
Phoenix Suns,2003,46,44,58.7,27.3,97.8,93.7
Memphis Grizzlies,2003,39,45,56.4,28.9,101.9,94.2
Chicago Bulls,2003,41,42,53.7,14.3,94.1,92.1
Denver Nuggets,2003,42,42,52.4,19.0,93.2,88.1
Toronto Raptors,2003,41,41,51.2,29.3,92.6,86.5
Philadelphia 76ers,2003,47,49,51.1,51.0,94.3,94.3
Boston Celtics,2003,47,48,51.1,43.8,93.0,92.2
Miami Heat,2003,41,44,48.8,18.2,87.9,83.3
Atlanta Hawks,2003,43,43,48.8,25.6,95.3,90.0
Los Angeles Clippers,2003,40,40,47.5,22.5,97.2,93.8
Washington Wizards,2003,38,44,47.4,31.8,92.3,89.0
Orlando Magic,2003,45,45,44.4,33.3,97.0,93.7
Cleveland Cavaliers,2003,40,43,42.5,14.0,95.0,88.6
New Jersey Nets,2002,58,47,82.8,40.4,101.7,91.2
Sacramento Kings,2002,48,50,79.2,66.0,105.0,101.8
New Orleans Hornets,2002,14,19,78.6,36.8,96.9,91.7
Dallas Mavericks,2002,45,45,75.6,68.9,105.0,106.2
Portland Trail Blazers,2002,40,46,75.0,52.2,98.7,93.7
San Antonio Spurs,2002,46,50,73.9,52.0,95.0,91.9
Los Angeles Lakers,2002,49,57,73.5,50.9,99.6,98.5
Indiana Pacers,2002,42,43,69.0,46.5,97.6,95.7
Orlando Magic,2002,44,43,68.2,41.9,102.0,96.9
Philadelphia 76ers,2002,46,42,67.4,50.0,95.5,90.5
Detroit Pistons,2002,50,44,66.0,59.1,92.4,90.9
Boston Celtics,2002,53,47,66.0,51.1,96.4,94.5
Minnesota Timberwolves,2002,43,44,65.1,43.2,100.1,95.3
Utah Jazz,2002,40,45,62.5,46.7,97.1,93.4
Phoenix Suns,2002,40,42,62.5,28.6,93.8,90.3
Atlanta Hawks,2002,42,40,59.5,22.5,98.3,89.1
Houston Rockets,2002,41,40,58.5,30.0,93.8,92.0
Charlotte Hornets,2002,33,28,57.6,57.1,97.4,90.5
Washington Wizards,2002,44,39,56.8,25.6,97.0,87.5
Seattle SuperSonics,2002,39,48,56.4,52.1,94.2,95.8
Milwaukee Bucks,2002,43,42,53.5,31.0,101.0,95.5
Miami Heat,2002,41,42,51.2,47.6,89.8,86.3
Toronto Raptors,2002,44,44,50.0,31.8,91.2,88.4
Los Angeles Clippers,2002,38,46,47.4,39.1,93.6,94.3
New York Knicks,2002,41,38,41.5,26.3,93.0,92.6
Chicago Bulls,2002,44,40,40.9,20.0,93.7,92.0
Cleveland Cavaliers,2002,42,43,40.5,14.0,96.7,92.4
Denver Nuggets,2002,40,43,40.0,16.3,88.8,86.4
Memphis Grizzlies,2002,43,40,39.5,15.0,94.0,88.8
Golden State Warriors,2002,43,39,37.2,12.8,101.0,97.7
Los Angeles Lakers,2001,50,43,82.0,67.4,101.7,99.3
Milwaukee Bucks,2001,47,52,80.9,50.0,101.2,98.3
Sacramento Kings,2001,48,46,79.2,50.0,104.7,99.5
Minnesota Timberwolves,2001,41,43,78.0,44.2,101.0,96.0
San Antonio Spurs,2001,49,44,77.6,65.9,99.4,96.0
Dallas Mavericks,2001,46,44,71.7,56.8,104.2,98.3
New York Knicks,2001,45,41,68.9,31.7,91.1,88.1
Phoenix Suns,2001,44,45,68.2,48.9,97.3,94.0
Utah Jazz,2001,46,41,67.4,48.8,98.9,93.5
Toronto Raptors,2001,44,50,65.9,50.0,97.8,95.0
Indiana Pacers,2001,44,44,65.9,40.9,96.3,92.2
Los Angeles Clippers,2001,45,35,64.4,20.0,96.2,92.8
Philadelphia 76ers,2001,55,51,63.6,47.1,95.7,88.4
Seattle SuperSonics,2001,43,39,62.8,41.0,97.7,96.8
New Jersey Nets,2001,37,44,62.2,29.5,98.1,92.6
Orlando Magic,2001,42,46,61.9,41.3,102.2,97.2
Denver Nuggets,2001,41,39,61.0,23.1,95.7,94.1
Portland Trail Blazers,2001,43,40,60.5,40.0,96.7,91.8
Boston Celtics,2001,36,45,58.3,46.7,94.3,95.5
Houston Rockets,2001,42,42,54.8,40.5,96.6,94.9
Charlotte Hornets,2001,42,49,54.8,44.9,93.8,92.4
Miami Heat,2001,43,39,53.5,38.5,87.7,85.8
Detroit Pistons,2001,38,41,50.0,36.6,95.1,95.0
Atlanta Hawks,2001,40,42,50.0,14.3,99.3,88.4
Vancouver Grizzlies,2001,23,29,43.5,17.2,93.8,92.3
Cleveland Cavaliers,2001,44,40,40.9,20.0,94.7,89.6
Washington Wizards,2001,40,41,40.0,31.7,96.8,91.4
Memphis Grizzlies,2001,15,15,40.0,20.0,91.6,88.6
Chicago Bulls,2001,40,41,32.5,7.3,86.9,87.9
Golden State Warriors,2001,40,42,27.5,19.0,92.4,91.2
Los Angeles Lakers,2000,53,54,83.0,64.8,104.5,99.3
Indiana Pacers,2000,54,53,75.9,39.6,99.9,96.1
Sacramento Kings,2000,45,43,75.6,34.9,104.9,99.8
San Antonio Spurs,2000,44,41,75.0,46.3,97.0,92.6
Phoenix Suns,2000,44,46,75.0,52.2,97.5,93.4
New York Knicks,2000,52,47,75.0,44.7,90.7,87.9
Portland Trail Blazers,2000,50,50,74.0,62.0,96.5,96.5
Miami Heat,2000,49,47,73.5,44.7,93.4,86.8
Philadelphia 76ers,2000,42,47,71.4,59.6,97.7,94.2
Utah Jazz,2000,47,48,70.2,58.3,100.5,92.7
Charlotte Hornets,2000,43,45,69.8,48.9,96.3,93.1
Orlando Magic,2000,43,40,67.4,27.5,101.7,92.4
Minnesota Timberwolves,2000,44,46,65.9,56.5,97.9,97.4
Dallas Mavericks,2000,43,41,62.8,58.5,101.1,99.3
Toronto Raptors,2000,42,44,61.9,38.6,95.6,95.2
Seattle SuperSonics,2000,42,46,61.9,43.5,100.9,96.3
Denver Nuggets,2000,42,43,59.5,25.6,101.7,96.2
Cleveland Cavaliers,2000,37,44,59.5,31.8,96.5,92.7
Detroit Pistons,2000,43,44,58.1,34.1,101.1,98.5
Milwaukee Bucks,2000,44,42,56.8,42.9,99.0,100.2
Boston Celtics,2000,44,40,56.8,25.0,99.5,97.0
Houston Rockets,2000,41,40,56.1,37.5,99.0,97.3
Atlanta Hawks,2000,40,43,45.0,20.9,92.5,86.9
New Jersey Nets,2000,40,42,42.5,26.2,97.7,92.5
Golden State Warriors,2000,42,41,38.1,17.1,99.5,92.3
Washington Wizards,2000,41,42,36.6,23.8,97.2,93.6
Chicago Bulls,2000,43,42,30.2,16.7,85.4,84.1
Vancouver Grizzlies,2000,43,40,27.9,30.0,91.4,94.5
Los Angeles Clippers,2000,44,40,25.0,12.5,93.3,89.8
San Antonio Spurs,1999,47,51,85.1,64.7,93.1,92.8
Utah Jazz,1999,45,44,82.2,52.3,95.3,90.7
Portland Trail Blazers,1999,45,47,82.2,57.4,96.5,91.9
Los Angeles Lakers,1999,46,42,76.1,57.1,101.5,94.2
Indiana Pacers,1999,46,46,76.1,58.7,97.5,96.1
Charlotte Hornets,1999,40,39,72.5,38.5,97.3,95.0
New York Knicks,1999,47,53,72.3,43.4,90.4,85.1
Miami Heat,1999,41,42,70.7,59.5,92.7,89.9
Detroit Pistons,1999,41,43,70.7,39.5,95.7,92.7
Sacramento Kings,1999,40,42,70.0,42.9,102.2,100.5
Orlando Magic,1999,40,43,70.0,48.8,96.6,91.1
Seattle SuperSonics,1999,40,40,67.5,40.0,96.6,96.5
Phoenix Suns,1999,43,39,67.4,41.0,98.3,96.6
Milwaukee Bucks,1999,40,43,65.0,44.2,95.7,95.0
Philadelphia 76ers,1999,44,46,63.6,43.5,91.1,89.1
Minnesota Timberwolves,1999,41,40,63.4,32.5,93.8,93.3
Atlanta Hawks,1999,45,43,62.2,39.5,93.5,86.5
Houston Rockets,1999,42,42,61.9,38.1,98.0,93.4
Cleveland Cavaliers,1999,42,37,59.5,24.3,94.5,87.0
Denver Nuggets,1999,41,37,58.5,13.5,100.7,89.0
Toronto Raptors,1999,40,39,57.5,43.6,92.8,94.6
Dallas Mavericks,1999,38,42,52.6,19.0,96.8,93.6
New Jersey Nets,1999,43,37,51.2,16.2,95.0,90.6
Boston Celtics,1999,40,38,50.0,28.9,94.6,94.6
Washington Wizards,1999,39,41,46.2,24.4,93.2,90.3
Golden State Warriors,1999,40,39,40.0,28.2,92.3,88.9
Los Angeles Clippers,1999,39,40,30.8,15.0,92.3,89.3
Vancouver Grizzlies,1999,41,38,29.3,5.3,92.5,87.7
Chicago Bulls,1999,37,40,27.0,12.5,81.2,84.3
Utah Jazz,1998,38,34,86.8,67.6,100.9,97.4
Chicago Bulls,1998,37,36,86.5,69.4,98.6,95.6
Indiana Pacers,1998,35,34,82.9,58.8,95.4,94.9
Seattle SuperSonics,1998,33,29,78.8,51.7,99.5,98.9
Los Angeles Lakers,1998,33,32,75.8,62.5,107.7,101.3
San Antonio Spurs,1998,30,32,73.3,62.5,92.4,90.9
Charlotte Hornets,1998,30,32,73.3,46.9,95.4,93.4
Phoenix Suns,1998,28,31,71.4,61.3,100.4,96.7
Cleveland Cavaliers,1998,29,29,69.0,37.9,95.1,89.2
Atlanta Hawks,1998,29,28,69.0,42.9,97.4,96.0
Minnesota Timberwolves,1998,28,30,67.9,43.3,100.8,100.5
Miami Heat,1998,29,29,65.5,62.1,94.0,93.0
Detroit Pistons,1998,24,27,62.5,29.6,99.5,93.1
Orlando Magic,1998,26,26,61.5,30.8,92.7,86.1
Portland Trail Blazers,1998,28,30,60.7,40.0,95.7,92.6
New York Knicks,1998,33,30,60.6,33.3,94.0,87.6
Washington Wizards,1998,28,22,57.1,45.5,98.6,95.2
Boston Celtics,1998,25,29,56.0,27.6,98.8,93.8
Philadelphia 76ers,1998,27,27,55.6,33.3,93.4,94.9
New Jersey Nets,1998,29,27,55.2,40.7,102.0,98.3
Houston Rockets,1998,28,33,53.6,39.4,97.0,95.5
Sacramento Kings,1998,25,26,48.0,15.4,96.3,90.5
Milwaukee Bucks,1998,25,28,44.0,39.3,94.9,94.9
Dallas Mavericks,1998,24,28,41.7,17.9,94.5,91.2
Toronto Raptors,1998,27,25,25.9,20.0,96.5,96.4
Los Angeles Clippers,1998,27,25,25.9,16.0,96.3,96.6
Golden State Warriors,1998,28,26,25.0,19.2,89.2,87.1
Denver Nuggets,1998,28,26,25.0,7.7,90.7,86.4
Vancouver Grizzlies,1998,26,26,23.1,11.5,99.3,96.9
Chicago Bulls,1997,53,47,94.3,57.4,101.2,95.2
Utah Jazz,1997,49,54,89.8,55.6,102.2,99.6
New York Knicks,1997,41,51,78.0,52.9,95.1,93.2
Atlanta Hawks,1997,49,45,77.6,55.6,94.8,94.6
Miami Heat,1997,53,45,77.4,55.6,97.9,90.8
Seattle SuperSonics,1997,47,45,76.6,66.7,103.6,98.9
Charlotte Hornets,1997,45,40,75.6,55.0,103.8,96.3
Los Angeles Lakers,1997,44,46,75.0,60.9,104.1,99.3
Portland Trail Blazers,1997,43,40,72.1,52.5,99.4,95.8
Phoenix Suns,1997,43,42,69.8,47.6,104.4,103.1
Houston Rockets,1997,49,45,69.4,51.1,103.3,98.2
Orlando Magic,1997,45,46,66.7,52.2,96.9,92.5
Detroit Pistons,1997,44,45,63.6,44.4,94.5,91.2
Washington Bullets,1997,27,29,63.0,41.4,102.3,98.6
Washington Wizards,1997,13,19,61.5,42.1,100.2,95.3
Indiana Pacers,1997,44,39,61.4,46.2,97.5,94.8
Sacramento Kings,1997,41,41,53.7,24.4,97.0,95.4
Minnesota Timberwolves,1997,43,41,53.5,48.8,98.7,98.5
Cleveland Cavaliers,1997,38,43,52.6,46.5,89.4,86.3
Milwaukee Bucks,1997,40,42,52.5,26.2,95.8,92.6
New Jersey Nets,1997,41,43,51.2,30.2,98.8,98.1
San Antonio Spurs,1997,43,41,46.5,26.8,92.3,91.7
Los Angeles Clippers,1997,40,45,45.0,28.9,98.8,97.0
Golden State Warriors,1997,39,42,41.0,23.8,96.8,95.1
Boston Celtics,1997,43,40,37.2,17.5,100.8,99.9
Toronto Raptors,1997,38,45,28.9,28.9,93.9,97.2
Vancouver Grizzlies,1997,40,41,27.5,17.1,92.8,90.2
Philadelphia 76ers,1997,41,41,26.8,24.4,99.6,98.2
Denver Nuggets,1997,40,40,25.0,12.5,98.4,93.7
Dallas Mavericks,1997,46,39,23.9,20.5,90.9,86.8
Chicago Bulls,1996,51,52,94.1,78.8,103.2,102.1
Utah Jazz,1996,53,47,86.8,44.7,102.9,96.6
Seattle SuperSonics,1996,52,55,82.7,63.6,103.3,99.3
Detroit Pistons,1996,41,44,78.0,47.7,96.8,91.7
Atlanta Hawks,1996,41,50,75.6,44.0,97.5,92.0
Los Angeles Lakers,1996,44,42,75.0,64.3,101.8,101.2
Orlando Magic,1996,45,46,71.1,47.8,102.1,96.6
San Antonio Spurs,1996,45,47,66.7,46.8,99.4,96.6
Indiana Pacers,1996,42,46,66.7,52.2,97.1,95.8
Cleveland Cavaliers,1996,44,43,65.9,51.2,91.0,89.0
New York Knicks,1996,46,45,65.2,51.1,96.3,93.1
Portland Trail Blazers,1996,43,46,65.1,47.8,97.8,96.6
Houston Rockets,1996,47,43,61.7,55.8,102.5,99.3
Miami Heat,1996,40,47,57.5,57.4,97.7,92.7
Charlotte Hornets,1996,40,41,57.5,48.8,99.5,97.9
Phoenix Suns,1996,42,46,57.1,32.6,102.3,100.9
Washington Bullets,1996,42,41,54.8,39.0,102.2,96.6
Sacramento Kings,1996,44,47,54.5,25.5,98.7,94.1
Golden State Warriors,1996,43,39,53.5,30.8,101.1,97.5
Minnesota Timberwolves,1996,42,43,52.4,20.9,97.6,94.2
Denver Nuggets,1996,43,40,46.5,25.0,98.7,92.7
Los Angeles Clippers,1996,44,38,43.2,26.3,98.4,94.9
New Jersey Nets,1996,43,39,41.9,25.6,94.0,93.3
Dallas Mavericks,1996,41,41,41.5,26.8,100.9,100.4
Boston Celtics,1996,39,42,41.0,26.2,102.2,98.9
Milwaukee Bucks,1996,45,39,40.0,30.8,97.0,95.0
Toronto Raptors,1996,43,38,39.5,13.2,96.1,94.1
Philadelphia 76ers,1996,41,42,26.8,23.8,92.9,96.1
Vancouver Grizzlies,1996,43,40,25.6,12.5,89.5,87.8
Orlando Magic,1995,55,48,89.1,39.6,108.4,103.4
Chicago Bulls,1995,46,46,82.6,52.2,103.7,101.6
Utah Jazz,1995,44,44,81.8,61.4,109.8,101.5
San Antonio Spurs,1995,48,51,79.2,72.5,106.4,103.0
Indiana Pacers,1995,51,49,78.4,40.8,101.8,97.2
Seattle SuperSonics,1995,42,45,76.2,62.2,109.4,109.0
Los Angeles Lakers,1995,50,47,72.0,34.0,104.8,100.0
Charlotte Hornets,1995,44,44,70.5,40.9,104.8,97.1
New York Knicks,1995,50,44,70.0,68.2,98.8,97.3
Houston Rockets,1995,51,56,66.7,57.1,105.2,104.8
Sacramento Kings,1995,41,40,65.9,35.0,100.7,97.6
Phoenix Suns,1995,48,43,64.6,60.5,111.4,106.0
Portland Trail Blazers,1995,41,47,61.0,38.3,106.4,100.1
Miami Heat,1995,41,42,61.0,31.0,101.2,96.0
Detroit Pistons,1995,45,40,60.0,17.5,97.5,97.4
Cleveland Cavaliers,1995,44,41,56.8,34.1,92.3,87.7
Denver Nuggets,1995,39,48,56.4,37.5,103.7,96.3
Atlanta Hawks,1995,43,41,55.8,46.3,99.6,98.0
Milwaukee Bucks,1995,42,40,52.4,32.5,99.7,96.3
New Jersey Nets,1995,37,41,51.4,22.0,97.3,95.4
Boston Celtics,1995,46,40,47.8,37.5,103.3,102.2
Toronto Raptors,1995,15,15,46.7,13.3,98.8,97.1
Los Angeles Clippers,1995,39,44,46.2,13.6,101.3,96.3
Washington Bullets,1995,44,40,45.5,22.5,104.7,100.5
Dallas Mavericks,1995,39,45,43.6,31.1,102.0,100.7
Minnesota Timberwolves,1995,41,42,39.0,14.3,98.1,94.7
Golden State Warriors,1995,41,43,36.6,30.2,105.3,104.7
Philadelphia 76ers,1995,41,40,31.7,15.0,97.5,92.7
Vancouver Grizzlies,1995,14,16,28.6,6.3,91.0,90.4
Seattle SuperSonics,1994,45,44,88.9,47.7,109.2,102.2
Indiana Pacers,1994,47,51,85.1,47.1,103.3,95.3
Phoenix Suns,1994,46,48,84.8,47.9,110.5,106.3
Orlando Magic,1994,43,43,81.4,51.2,109.7,107.5
Houston Rockets,1994,57,47,77.2,48.9,102.5,98.5
New York Knicks,1994,52,57,76.9,49.1,98.2,94.6
Cleveland Cavaliers,1994,42,44,76.2,52.3,102.2,95.0
San Antonio Spurs,1994,44,38,75.0,52.6,105.2,100.8
Utah Jazz,1994,49,49,73.5,49.0,105.2,98.3
Atlanta Hawks,1994,49,47,73.5,40.4,103.1,92.9
Golden State Warriors,1994,41,44,73.2,36.4,114.4,106.5
Chicago Bulls,1994,49,44,69.4,54.5,100.6,95.6
Portland Trail Blazers,1994,44,40,68.2,35.0,107.5,105.0
New Jersey Nets,1994,44,46,68.2,37.0,105.9,98.8
Charlotte Hornets,1994,39,43,64.1,37.2,107.0,102.0
Denver Nuggets,1994,49,45,63.3,37.8,104.7,97.3
Los Angeles Lakers,1994,39,41,61.5,41.5,102.9,102.2
Sacramento Kings,1994,43,39,60.5,23.1,100.5,99.7
Miami Heat,1994,41,48,56.1,37.5,105.5,100.4
Boston Celtics,1994,40,41,40.0,36.6,100.0,102.1
Washington Bullets,1994,39,41,38.5,19.5,103.1,97.6
Philadelphia 76ers,1994,41,42,34.1,26.2,99.8,96.4
Milwaukee Bucks,1994,41,40,31.7,20.0,98.4,98.3
Dallas Mavericks,1994,42,39,31.0,28.2,98.1,100.3
Minnesota Timberwolves,1994,40,40,30.0,15.0,94.3,96.0
Detroit Pistons,1994,39,42,28.2,23.8,97.8,98.2
Los Angeles Clippers,1994,41,43,26.8,20.9,101.2,100.2
New York Knicks,1993,49,46,85.7,58.7,103.0,99.9
Houston Rockets,1993,45,52,82.2,65.4,107.1,99.4
Seattle SuperSonics,1993,51,49,80.4,57.1,109.9,102.7
Phoenix Suns,1993,56,51,78.6,60.8,111.9,109.2
Denver Nuggets,1993,41,42,78.0,26.2,107.6,100.1
Cleveland Cavaliers,1993,45,44,77.8,38.6,109.0,98.5
Chicago Bulls,1993,49,51,77.6,60.8,107.1,99.9
San Antonio Spurs,1993,48,47,77.1,44.7,106.3,96.8
Atlanta Hawks,1993,40,44,75.0,45.5,111.7,101.1
Utah Jazz,1993,44,45,72.7,42.2,104.4,102.5
Portland Trail Blazers,1993,43,46,69.8,47.8,106.8,106.6
Charlotte Hornets,1993,47,45,66.0,42.2,110.9,106.3
Orlando Magic,1993,41,45,65.9,37.8,105.4,102.9
New Jersey Nets,1993,43,43,65.1,27.9,102.7,98.6
Boston Celtics,1993,45,41,64.4,48.8,105.2,100.6
Miami Heat,1993,43,38,62.8,34.2,105.7,101.1
Indiana Pacers,1993,42,42,61.9,31.0,107.1,102.4
Los Angeles Clippers,1993,43,44,60.5,29.5,105.1,102.6
Detroit Pistons,1993,44,39,54.5,25.6,101.9,97.3
Golden State Warriors,1993,43,38,44.2,36.8,105.7,105.1
Philadelphia 76ers,1993,42,42,42.9,23.8,101.6,100.1
Los Angeles Lakers,1993,41,48,39.0,39.6,102.4,102.0
Washington Bullets,1993,41,41,34.1,19.5,102.9,98.0
Sacramento Kings,1993,41,42,34.1,21.4,106.1,106.4
Milwaukee Bucks,1993,41,43,34.1,25.6,101.0,99.6
Minnesota Timberwolves,1993,43,43,27.9,23.3,96.7,98.6
Dallas Mavericks,1993,42,42,11.9,14.3,98.0,96.0
Phoenix Suns,1992,45,41,91.1,43.9,118.6,109.2
Utah Jazz,1992,52,41,84.6,46.3,110.7,103.0
Portland Trail Blazers,1992,49,50,83.7,54.0,113.0,108.9
Chicago Bulls,1992,53,51,83.0,68.6,107.0,104.3
Cleveland Cavaliers,1992,51,49,76.5,51.0,110.8,104.1
Seattle SuperSonics,1992,46,43,76.1,44.2,111.0,105.2
Boston Celtics,1992,44,48,75.0,35.4,109.4,100.3
Los Angeles Clippers,1992,39,44,74.4,38.6,107.3,103.8
New York Knicks,1992,48,47,72.9,46.8,100.3,97.0
San Antonio Spurs,1992,42,40,71.4,37.5,107.7,103.5
Houston Rockets,1992,40,38,70.0,31.6,105.7,99.1
Golden State Warriors,1992,42,45,69.0,51.1,119.2,116.3
Detroit Pistons,1992,39,44,66.7,52.3,97.9,96.5
New Jersey Nets,1992,41,44,63.4,45.5,106.0,104.7
Indiana Pacers,1992,39,44,59.0,40.9,110.5,110.3
Charlotte Hornets,1992,39,39,59.0,35.9,111.5,109.7
Los Angeles Lakers,1992,44,39,56.8,43.6,103.9,99.8
Milwaukee Bucks,1992,39,41,56.4,14.6,106.9,98.4
Miami Heat,1992,41,40,56.1,22.5,108.9,100.1
Sacramento Kings,1992,42,38,52.4,23.7,108.2,104.4
Atlanta Hawks,1992,41,40,51.2,40.0,106.3,105.3
Orlando Magic,1992,38,39,47.4,25.6,104.2,104.6
Philadelphia 76ers,1992,39,39,46.2,30.8,104.5,102.6
Washington Bullets,1992,41,40,39.0,15.0,105.8,100.4
Denver Nuggets,1992,37,43,37.8,11.6,102.9,99.1
Dallas Mavericks,1992,38,39,26.3,5.1,101.5,94.3
Minnesota Timberwolves,1992,38,41,21.1,19.5,101.7,101.2
Utah Jazz,1991,41,52,90.2,40.4,109.3,102.3
Chicago Bulls,1991,48,50,87.5,76.0,110.3,107.7
Portland Trail Blazers,1991,52,44,80.8,50.0,113.7,106.7
Boston Celtics,1991,46,48,78.3,43.8,114.9,104.5
Phoenix Suns,1991,41,47,78.0,53.2,115.1,105.7
San Antonio Spurs,1991,43,47,76.7,42.6,110.3,99.0
Cleveland Cavaliers,1991,40,41,75.0,26.8,107.8,100.8
Los Angeles Lakers,1991,51,53,74.5,60.4,106.1,101.5
Seattle SuperSonics,1991,44,44,72.7,31.8,109.3,101.8
Houston Rockets,1991,42,43,71.4,51.2,104.9,103.2
Atlanta Hawks,1991,43,44,69.8,29.5,111.6,104.1
Golden State Warriors,1991,45,45,68.9,46.7,118.5,113.5
New York Knicks,1991,41,43,68.3,39.5,104.3,100.8
Milwaukee Bucks,1991,42,42,66.7,31.0,109.8,102.9
Indiana Pacers,1991,45,43,66.7,32.6,116.6,110.7
Detroit Pistons,1991,52,45,63.5,44.4,100.3,100.2
Sacramento Kings,1991,40,43,62.5,4.7,100.1,96.8
Philadelphia 76ers,1991,44,46,59.1,34.8,104.7,101.4
Los Angeles Clippers,1991,44,40,59.1,25.0,103.5,103.5
Miami Heat,1991,41,42,58.5,14.3,104.3,100.5
Denver Nuggets,1991,44,37,52.3,8.1,112.4,108.8
Orlando Magic,1991,44,37,50.0,21.6,103.2,104.5
Dallas Mavericks,1991,44,41,47.7,22.0,101.3,97.8
New Jersey Nets,1991,41,42,46.3,19.0,105.6,101.3
Washington Bullets,1991,42,41,42.9,29.3,102.5,98.9
Minnesota Timberwolves,1991,43,39,41.9,17.9,101.4,99.8
Charlotte Hornets,1991,41,45,39.0,20.0,101.2,105.3
Detroit Pistons,1990,53,50,88.7,56.0,104.7,102.5
Chicago Bulls,1990,52,47,86.5,44.7,112.8,105.2
Portland Trail Blazers,1990,54,51,85.2,64.7,117.8,111.8
Philadelphia 76ers,1990,49,44,83.7,45.5,114.6,105.0
Utah Jazz,1990,42,46,83.3,47.8,111.1,101.8
San Antonio Spurs,1990,45,46,82.2,54.3,111.5,106.3
Los Angeles Lakers,1990,47,43,80.9,58.1,113.5,105.9
Boston Celtics,1990,45,42,80.0,57.1,119.4,107.4
Phoenix Suns,1990,48,52,79.2,59.6,118.4,113.2
Milwaukee Bucks,1990,44,43,75.0,41.9,109.4,104.5
Houston Rockets,1990,45,40,73.3,32.5,111.0,103.2
Golden State Warriors,1990,41,42,70.7,31.0,122.5,114.4
Dallas Mavericks,1990,40,43,67.5,34.9,103.5,100.3
Seattle SuperSonics,1990,39,44,66.7,31.8,111.0,100.9
Cleveland Cavaliers,1990,45,44,62.2,36.4,105.6,102.5
Indiana Pacers,1990,42,44,61.9,18.2,110.4,107.0
Atlanta Hawks,1990,41,42,56.1,40.5,110.2,106.3
New York Knicks,1990,47,45,53.2,35.6,107.0,103.0
Minnesota Timberwolves,1990,39,41,48.7,12.2,95.2,93.1
Denver Nuggets,1990,42,43,47.6,23.3,119.3,115.9
Washington Bullets,1990,38,44,47.4,27.3,109.3,105.6
Los Angeles Clippers,1990,41,44,46.3,27.3,102.2,103.0
New Jersey Nets,1990,44,38,38.6,5.3,105.0,100.2
Sacramento Kings,1990,39,43,38.5,16.3,101.6,97.3
Charlotte Hornets,1990,40,43,32.5,20.9,102.8,104.8
Miami Heat,1990,42,39,31.0,15.4,103.0,101.5
Orlando Magic,1990,41,42,29.3,9.5,111.5,108.0
Detroit Pistons,1989,50,51,90.0,60.8,105.6,104.2
Denver Nuggets,1989,39,47,87.2,25.5,119.4,111.2
New York Knicks,1989,45,45,86.7,44.4,116.6,111.2
Los Angeles Lakers,1989,52,43,82.7,62.8,117.9,106.3
Boston Celtics,1989,41,45,78.0,31.1,111.4,105.2
Utah Jazz,1989,45,39,77.8,46.2,108.3,101.3
Cleveland Cavaliers,1989,44,44,77.3,34.1,107.5,101.5
Chicago Bulls,1989,50,50,76.0,44.0,108.1,104.3
Phoenix Suns,1989,49,43,75.5,48.8,119.2,115.7
Seattle SuperSonics,1989,47,43,74.5,32.6,113.6,106.7
Washington Bullets,1989,46,38,73.9,26.3,110.2,105.0
Philadelphia 76ers,1989,38,46,73.7,39.1,112.7,105.9
Milwaukee Bucks,1989,44,49,72.7,40.8,110.5,103.8
Atlanta Hawks,1989,43,43,72.1,46.5,111.7,108.7
Houston Rockets,1989,39,48,71.8,25.0,110.4,102.6
Golden State Warriors,1989,46,46,67.4,32.6,120.8,113.1
Portland Trail Blazers,1989,45,42,66.7,28.6,116.1,110.6
Indiana Pacers,1989,42,41,64.3,36.6,108.1,107.4
San Antonio Spurs,1989,40,41,60.0,22.0,109.2,101.0
Dallas Mavericks,1989,38,46,57.9,30.4,103.6,99.9
Sacramento Kings,1989,45,39,48.9,15.4,106.6,105.6
Orlando Magic,1989,13,16,46.2,18.8,109.3,108.1
Los Angeles Clippers,1989,45,35,42.2,5.7,109.4,99.7
New Jersey Nets,1989,37,44,37.8,18.2,102.2,99.5
Miami Heat,1989,41,44,31.7,13.6,102.0,95.2
Minnesota Timberwolves,1989,15,14,26.7,14.3,96.5,95.4
Charlotte Hornets,1989,42,39,26.2,17.9,101.5,103.4
Los Angeles Lakers,1988,51,58,90.2,51.7,114.7,107.7
Cleveland Cavaliers,1988,43,43,86.0,37.2,110.3,102.1
Utah Jazz,1988,47,47,83.0,36.2,110.7,104.3
New York Knicks,1988,41,46,82.9,30.4,111.2,109.6
Boston Celtics,1988,53,47,81.1,40.4,115.6,105.2
Detroit Pistons,1988,52,56,80.8,50.0,105.0,103.6
Denver Nuggets,1988,50,44,80.0,45.5,121.5,115.3
Portland Trail Blazers,1988,43,43,79.1,44.2,117.0,112.0
Chicago Bulls,1988,46,46,76.1,41.3,105.8,103.8
Houston Rockets,1988,48,41,75.0,36.6,113.3,107.5
Atlanta Hawks,1988,50,45,74.0,40.0,113.1,105.4
Seattle SuperSonics,1988,44,41,72.7,31.7,119.2,106.4
Milwaukee Bucks,1988,44,44,72.7,27.3,110.0,102.9
Dallas Mavericks,1988,54,46,72.2,52.2,111.3,106.4
Philadelphia 76ers,1988,46,40,69.6,17.5,112.2,105.1
Washington Bullets,1988,41,47,65.9,27.7,107.9,103.0
Phoenix Suns,1988,42,42,64.3,16.7,113.8,108.6
Indiana Pacers,1988,40,43,52.5,20.9,105.1,103.3
Sacramento Kings,1988,36,43,50.0,11.6,106.3,103.6
Charlotte Hornets,1988,14,13,50.0,7.7,103.7,102.5
Golden State Warriors,1988,41,42,46.3,19.0,111.3,104.9
New Jersey Nets,1988,42,43,42.9,18.6,103.4,100.2
Los Angeles Clippers,1988,38,48,42.1,6.3,103.8,100.0
San Antonio Spurs,1988,44,43,40.9,16.3,113.5,108.4
Miami Heat,1988,14,13,14.3,7.7,97.4,91.4
Boston Celtics,1987,53,49,90.6,42.9,116.9,109.8
Los Angeles Lakers,1987,51,47,90.2,68.1,120.4,113.9
Detroit Pistons,1987,46,49,84.8,49.0,116.1,109.7
Dallas Mavericks,1987,42,41,83.3,46.3,118.0,108.7
Atlanta Hawks,1987,46,45,82.6,51.1,113.3,101.8
Portland Trail Blazers,1987,40,42,82.5,35.7,118.4,115.9
Seattle SuperSonics,1987,41,55,73.2,29.1,116.3,109.0
Milwaukee Bucks,1987,46,43,71.7,44.2,112.5,109.5
Utah Jazz,1987,44,42,70.5,23.8,110.6,103.0
Houston Rockets,1987,42,48,69.0,43.8,109.2,105.8
Denver Nuggets,1987,41,41,68.3,29.3,121.9,111.4
Philadelphia 76ers,1987,37,45,67.6,40.0,109.5,102.5
Chicago Bulls,1987,41,43,65.9,32.6,108.0,102.0
San Antonio Spurs,1987,41,36,63.4,19.4,112.9,111.8
Indiana Pacers,1987,43,40,62.8,35.0,106.6,105.5
Phoenix Suns,1987,40,37,60.0,24.3,113.1,107.3
Cleveland Cavaliers,1987,41,39,58.5,15.4,106.0,102.3
Washington Bullets,1987,40,41,57.5,31.7,107.3,103.7
Golden State Warriors,1987,42,43,54.8,23.3,114.3,105.8
Sacramento Kings,1987,40,42,52.5,16.7,115.7,108.0
New York Knicks,1987,41,38,46.3,13.2,107.2,102.8
New Jersey Nets,1987,44,36,40.9,8.3,107.6,106.9
Los Angeles Clippers,1987,39,39,30.8,10.3,102.4,103.4
Boston Celtics,1986,50,49,96.0,63.3,118.8,108.3
Atlanta Hawks,1986,41,47,87.8,48.9,115.8,107.0
Los Angeles Lakers,1986,49,45,85.7,55.6,120.1,111.2
Milwaukee Bucks,1986,48,44,79.2,52.3,111.8,110.3
Detroit Pistons,1986,42,38,78.6,42.1,113.9,109.5
Denver Nuggets,1986,43,48,76.7,27.1,118.2,111.2
Utah Jazz,1986,41,41,75.6,34.1,111.3,103.1
Philadelphia 76ers,1986,49,44,73.5,47.7,111.2,108.2
Dallas Mavericks,1986,44,47,72.7,46.8,116.6,115.3
Houston Rockets,1986,50,48,72.0,39.6,111.0,107.9
Washington Bullets,1986,39,47,66.7,29.8,107.2,100.2
Portland Trail Blazers,1986,41,41,65.9,31.7,117.8,114.7
Phoenix Suns,1986,40,43,62.5,23.3,114.4,107.0
Golden State Warriors,1986,38,41,60.5,29.3,117.1,110.3
Indiana Pacers,1986,40,41,57.5,19.5,105.4,103.3
Chicago Bulls,1986,41,38,56.1,21.1,108.5,104.3
Seattle SuperSonics,1986,45,33,53.3,30.3,108.6,106.4
Sacramento Kings,1986,45,37,53.3,32.4,109.8,106.8
Cleveland Cavaliers,1986,38,41,50.0,22.0,109.4,102.5
New Jersey Nets,1986,37,43,45.9,23.3,110.0,104.2
Los Angeles Clippers,1986,40,38,42.5,21.1,107.8,106.2
San Antonio Spurs,1986,40,43,40.0,18.6,110.0,106.7
New York Knicks,1986,38,42,36.8,16.7,101.2,98.3
Los Angeles Lakers,1985,50,49,88.0,73.5,124.5,118.2
Boston Celtics,1985,52,49,84.6,59.2,116.6,109.1
Denver Nuggets,1985,50,47,82.0,40.4,121.9,117.2
Milwaukee Bucks,1985,45,46,80.0,56.5,116.8,111.7
Philadelphia 76ers,1985,47,49,78.7,49.0,114.3,107.5
Houston Rockets,1985,44,44,77.3,40.9,115.5,113.2
Portland Trail Blazers,1985,48,47,75.0,34.0,116.2,115.2
San Antonio Spurs,1985,42,45,73.8,37.8,115.3,109.2
New Jersey Nets,1985,45,41,73.3,34.1,113.2,107.5
Detroit Pistons,1985,48,44,68.8,38.6,115.3,117.7
Chicago Bulls,1985,42,47,64.3,19.1,111.9,106.1
Utah Jazz,1985,45,48,60.0,41.7,112.4,105.9
Dallas Mavericks,1985,42,43,59.5,44.2,116.4,112.2
Kansas City Kings,1985,28,25,57.1,16.0,118.4,112.7
Washington Bullets,1985,44,40,56.8,30.0,106.9,102.6
Atlanta Hawks,1985,40,40,55.0,35.0,107.5,102.6
Phoenix Suns,1985,40,42,52.5,19.0,109.1,107.4
Cleveland Cavaliers,1985,45,45,51.1,48.9,109.2,111.9
Seattle SuperSonics,1985,38,44,50.0,22.7,105.4,101.7
Golden State Warriors,1985,42,44,45.2,11.4,113.3,109.9
Los Angeles Clippers,1985,41,40,43.9,25.0,109.9,106.7
Indiana Pacers,1985,41,41,43.9,12.2,108.1,105.0
Sacramento Kings,1985,14,17,42.9,17.6,107.9,107.6
New York Knicks,1985,42,38,40.5,15.8,103.0,99.8
Boston Celtics,1984,53,52,86.8,63.5,115.2,110.6
Milwaukee Bucks,1984,52,49,76.9,44.9,108.0,104.6
Phoenix Suns,1984,49,51,75.5,29.4,114.7,105.4
Seattle SuperSonics,1984,44,46,75.0,26.1,108.0,101.3
Los Angeles Lakers,1984,51,55,72.5,61.8,118.1,113.3
Philadelphia 76ers,1984,45,44,71.1,56.8,111.5,106.6
Utah Jazz,1984,48,46,70.8,23.9,114.4,107.8
San Antonio Spurs,1984,40,42,70.0,26.2,122.5,118.4
Denver Nuggets,1984,43,43,69.8,34.9,125.0,118.9
Portland Trail Blazers,1984,42,43,69.0,32.6,115.4,110.4
New York Knicks,1984,47,50,68.1,32.0,109.1,104.8
Washington Bullets,1984,45,44,66.7,22.7,105.2,99.2
Dallas Mavericks,1984,47,45,66.0,33.3,110.5,105.9
Atlanta Hawks,1984,42,46,64.3,26.1,106.5,101.7
New Jersey Nets,1984,48,46,62.5,45.7,108.2,107.3
Detroit Pistons,1984,42,46,61.9,54.3,114.3,116.8
Golden State Warriors,1984,39,40,61.5,20.0,111.5,106.5
Kansas City Kings,1984,41,44,58.5,27.3,112.3,108.7
Houston Rockets,1984,41,41,58.5,26.8,112.8,108.3
San Diego Clippers,1984,28,22,57.1,13.6,117.0,103.7
Los Angeles Clippers,1984,18,15,55.6,26.7,105.7,104.3
Cleveland Cavaliers,1984,42,37,45.2,16.2,104.8,101.8
Indiana Pacers,1984,43,41,44.2,19.5,106.8,106.2
Chicago Bulls,1984,42,44,40.5,31.8,103.5,107.0
Philadelphia 76ers,1983,47,47,87.2,70.2,111.0,107.3
Milwaukee Bucks,1983,41,48,78.0,43.8,107.0,102.8
Portland Trail Blazers,1983,45,45,77.8,37.8,114.1,106.3
Boston Celtics,1983,44,47,77.3,55.3,113.9,107.2
Denver Nuggets,1983,45,47,75.6,31.9,126.7,120.1
Phoenix Suns,1983,43,42,74.4,42.9,114.4,104.5
Atlanta Hawks,1983,48,39,72.9,28.2,103.1,98.6
San Antonio Spurs,1983,47,45,72.3,35.6,120.4,113.8
Los Angeles Lakers,1983,50,45,72.0,55.6,115.1,112.7
New Jersey Nets,1983,42,43,71.4,37.2,109.9,106.5
Dallas Mavericks,1983,42,42,71.4,28.6,114.7,109.2
Kansas City Kings,1983,40,44,70.0,29.5,117.3,109.0
New York Knicks,1983,45,44,68.9,47.7,104.6,102.1
Washington Bullets,1983,42,40,66.7,32.5,102.8,99.6
Detroit Pistons,1983,43,37,65.1,24.3,113.7,116.0
Seattle SuperSonics,1983,41,41,63.4,29.3,112.1,107.5
Utah Jazz,1983,40,41,60.0,34.1,114.6,111.3
San Diego Clippers,1983,39,44,59.0,15.9,111.8,105.4
Golden State Warriors,1983,43,42,55.8,21.4,109.8,105.9
Cleveland Cavaliers,1983,41,43,48.8,18.6,97.8,100.0
Chicago Bulls,1983,40,39,45.0,30.8,108.2,106.2
Houston Rockets,1983,42,42,35.7,16.7,106.6,101.7
Indiana Pacers,1983,39,42,30.8,9.5,111.6,103.4
Philadelphia 76ers,1982,53,51,79.2,58.8,114.5,107.1
Los Angeles Lakers,1982,48,48,79.2,64.6,117.4,113.6
Boston Celtics,1982,49,46,77.6,69.6,116.6,109.4
Seattle SuperSonics,1982,48,45,75.0,53.3,108.4,106.3
Milwaukee Bucks,1982,45,46,71.1,54.3,108.7,109.5
Portland Trail Blazers,1982,42,44,69.0,34.1,110.0,107.2
Phoenix Suns,1982,45,46,68.9,41.3,109.2,103.7
New Jersey Nets,1982,42,43,66.7,51.2,106.1,107.9
San Antonio Spurs,1982,47,49,66.0,46.9,115.9,108.2
Denver Nuggets,1982,44,42,63.6,42.9,129.4,123.5
Atlanta Hawks,1982,40,45,62.5,42.2,104.5,99.1
Kansas City Kings,1982,43,37,60.5,27.0,113.3,106.5
Golden State Warriors,1982,42,42,59.5,38.1,110.7,108.4
Washington Bullets,1982,44,46,59.1,52.2,101.4,104.3
Indiana Pacers,1982,41,40,56.1,17.5,104.2,103.1
Detroit Pistons,1982,42,42,54.8,45.2,115.2,109.8
Houston Rockets,1982,43,41,53.5,39.0,103.9,101.6
Chicago Bulls,1982,42,40,52.4,25.0,111.0,110.4
New York Knicks,1982,41,41,46.3,24.4,106.0,100.2
Utah Jazz,1982,43,42,44.2,19.0,115.5,110.2
Dallas Mavericks,1982,38,43,42.1,39.5,107.6,108.3
San Diego Clippers,1982,41,44,24.4,13.6,110.5,108.0
Cleveland Cavaliers,1982,41,41,19.5,12.2,102.6,99.8
Boston Celtics,1981,46,45,87.0,60.0,109.8,106.1
Philadelphia 76ers,1981,43,43,83.7,55.8,115.0,107.3
Milwaukee Bucks,1981,41,38,82.9,57.9,110.9,108.8
Phoenix Suns,1981,40,37,82.5,32.4,110.7,102.7
San Antonio Spurs,1981,40,37,77.5,45.9,114.9,107.3
Portland Trail Blazers,1981,35,38,74.3,42.1,112.6,111.6
Los Angeles Lakers,1981,38,37,73.7,67.6,114.5,109.0
Golden State Warriors,1981,38,33,63.2,30.3,115.5,108.8
Denver Nuggets,1981,38,36,63.2,38.9,127.2,119.8
Chicago Bulls,1981,38,41,63.2,39.0,110.3,103.8
Seattle SuperSonics,1981,35,37,62.9,35.1,105.1,103.9
Indiana Pacers,1981,39,36,61.5,41.7,104.6,104.9
Kansas City Kings,1981,43,42,58.1,38.1,105.8,101.6
Houston Rockets,1981,48,47,56.3,44.7,103.5,103.5
Washington Bullets,1981,34,38,55.9,42.1,105.1,105.5
Utah Jazz,1981,35,37,51.4,10.8,104.3,97.7
New York Knicks,1981,36,40,50.0,55.0,106.6,104.8
New Jersey Nets,1981,35,36,42.9,22.2,108.1,103.8
San Diego Clippers,1981,36,35,41.7,28.6,111.5,106.5
Detroit Pistons,1981,34,39,41.2,25.6,104.8,103.4
Cleveland Cavaliers,1981,33,38,39.4,21.1,107.6,104.8
Atlanta Hawks,1981,34,37,35.3,35.1,103.9,100.0
Dallas Mavericks,1981,39,31,33.3,12.9,104.7,102.8
Philadelphia 76ers,1980,49,53,87.8,64.2,109.5,108.2
Phoenix Suns,1980,47,44,87.2,52.3,113.9,108.7
Los Angeles Lakers,1980,49,49,81.6,61.2,115.2,111.0
Boston Celtics,1980,48,42,79.2,66.7,113.5,109.8
Milwaukee Bucks,1980,43,45,74.4,57.8,112.8,108.6
Atlanta Hawks,1980,45,41,71.1,29.3,105.4,100.5
San Antonio Spurs,1980,44,43,70.5,41.9,120.3,111.1
New York Knicks,1980,42,38,69.0,42.1,112.3,110.0
Portland Trail Blazers,1980,43,41,65.1,26.8,107.3,104.7
Kansas City Kings,1980,40,46,65.0,37.0,108.8,104.2
Indiana Pacers,1980,42,41,64.3,34.1,113.1,108.6
Washington Bullets,1980,43,45,62.8,28.9,108.3,103.1
Seattle SuperSonics,1980,49,48,61.2,47.9,106.8,105.5
Chicago Bulls,1980,43,41,60.5,26.8,111.4,106.6
Houston Rockets,1980,44,46,59.1,34.8,110.4,106.7
San Diego Clippers,1980,38,42,57.9,26.2,107.9,103.7
Denver Nuggets,1980,39,40,53.8,20.0,114.4,111.4
Cleveland Cavaliers,1980,43,40,53.5,20.0,110.6,104.3
Golden State Warriors,1980,39,44,51.3,29.5,107.3,105.7
Utah Jazz,1980,42,40,45.2,22.5,105.1,100.3
New Jersey Nets,1980,40,44,42.5,31.8,109.5,108.0
Detroit Pistons,1980,43,39,27.9,10.3,104.0,103.7
Dallas Mavericks,1980,19,22,21.1,4.5,98.8,98.1
Phoenix Suns,1979,51,48,82.4,39.6,113.3,107.4
Seattle SuperSonics,1979,50,53,82.0,52.8,110.3,103.6
Philadelphia 76ers,1979,47,48,78.7,39.6,112.0,106.0
Atlanta Hawks,1979,47,47,78.7,42.6,110.0,104.4
Los Angeles Lakers,1979,46,48,78.3,39.6,115.3,110.5
Kansas City Kings,1979,46,47,78.3,31.9,113.8,109.0
Houston Rockets,1979,42,45,73.8,31.1,116.0,112.2
Portland Trail Blazers,1979,45,47,73.3,31.9,104.6,104.5
San Diego Clippers,1979,46,38,71.7,31.6,115.9,105.6
San Antonio Spurs,1979,48,49,70.8,36.7,121.3,113.9
Boston Celtics,1979,41,45,70.7,35.6,110.4,109.5
Indiana Pacers,1979,40,45,70.0,35.6,111.6,106.7
Milwaukee Bucks,1979,41,42,68.3,40.5,113.9,111.3
Denver Nuggets,1979,45,44,66.7,34.1,113.3,104.9
Cleveland Cavaliers,1979,42,44,61.9,20.5,114.3,108.7
Washington Bullets,1979,54,45,61.1,46.7,107.9,109.4
New Jersey Nets,1979,45,43,60.0,18.6,107.5,103.8
New York Knicks,1979,41,43,56.1,18.6,113.0,109.8
Detroit Pistons,1979,41,44,53.7,13.6,110.4,108.4
New Orleans Jazz,1979,24,21,50.0,9.5,111.5,104.0
Golden State Warriors,1979,44,40,47.7,27.5,106.0,99.8
Utah Jazz,1979,19,20,42.1,20.0,105.6,100.0
Chicago Bulls,1979,42,41,40.5,26.8,107.4,104.0
Philadelphia 76ers,1978,46,47,87.0,46.8,115.5,111.9
Seattle SuperSonics,1978,55,46,83.6,41.3,108.7,101.6
Los Angeles Lakers,1978,43,45,81.4,40.0,116.2,110.2
Portland Trail Blazers,1978,45,45,80.0,33.3,110.0,101.2
Phoenix Suns,1978,44,44,79.5,38.6,119.0,109.5
San Antonio Spurs,1978,44,46,77.3,50.0,120.4,113.2
Atlanta Hawks,1978,43,43,76.7,23.3,110.4,102.2
Washington Bullets,1978,53,53,73.6,43.4,114.3,109.5
Milwaukee Bucks,1978,45,48,71.1,25.0,115.2,109.0
Denver Nuggets,1978,49,48,69.4,33.3,114.1,108.2
Golden State Warriors,1978,42,41,66.7,43.9,108.2,104.8
New York Knicks,1978,45,47,64.4,34.0,111.7,110.8
New Orleans Jazz,1978,42,43,64.3,23.3,110.4,105.7
Cleveland Cavaliers,1978,44,42,59.1,31.0,108.5,102.6
Kansas City Kings,1978,41,41,58.5,34.1,110.6,111.0
Chicago Bulls,1978,41,43,58.5,25.6,106.9,99.7
San Diego Clippers,1978,18,21,55.6,38.1,111.4,111.0
Detroit Pistons,1978,40,45,55.0,28.9,113.4,108.1
Houston Rockets,1978,42,41,54.8,26.8,110.4,102.5
Boston Celtics,1978,43,39,53.5,28.2,109.4,102.9
New Jersey Nets,1978,42,40,52.4,27.5,108.2,107.3
Indiana Pacers,1978,43,43,46.5,18.6,108.4,106.4
Buffalo Braves,1978,25,24,44.0,12.5,106.4,106.8
Portland Trail Blazers,1977,49,49,89.8,46.9,114.6,107.9
Denver Nuggets,1977,42,47,85.7,29.8,117.8,107.3
Chicago Bulls,1977,44,46,84.1,37.0,104.6,99.4
Philadelphia 76ers,1977,55,47,80.0,42.6,113.9,109.3
Washington Bullets,1977,48,44,79.2,43.2,106.5,108.9
Los Angeles Lakers,1977,47,46,74.5,37.0,107.4,104.3
Golden State Warriors,1977,45,51,73.3,33.3,112.7,104.0
Houston Rockets,1977,46,51,71.7,31.4,109.8,101.7
San Antonio Spurs,1977,43,42,67.4,38.1,116.0,113.6
Phoenix Suns,1977,43,43,67.4,27.9,112.6,103.8
New York Knicks,1977,42,42,66.7,33.3,112.5,108.4
Kansas City Kings,1977,42,38,66.7,23.7,111.4,106.7
Boston Celtics,1977,46,47,65.2,27.7,106.3,101.7
Cleveland Cavaliers,1977,43,42,65.1,33.3,103.8,100.1
Milwaukee Bucks,1977,44,40,63.6,32.5,111.0,110.9
New Orleans Jazz,1977,34,47,61.8,21.3,109.9,100.8
Detroit Pistons,1977,46,37,60.9,32.4,110.3,104.5
Indiana Pacers,1977,38,39,57.9,30.8,111.4,106.7
Atlanta Hawks,1977,38,42,57.9,33.3,103.2,102.6
Seattle SuperSonics,1977,43,39,55.8,38.5,105.3,101.0
Buffalo Braves,1977,41,40,53.7,17.5,104.5,101.9
New Jersey Nets,1977,16,18,37.5,11.1,108.2,103.2
New York Nets,1977,26,24,19.2,20.8,94.2,94.3
Denver Nuggets,1976,18,15,94.4,40.0,116.5,106.1
San Antonio Spurs,1976,16,18,87.5,22.2,119.1,108.7
Seattle SuperSonics,1976,43,47,81.4,21.3,109.1,105.1
Portland Trail Blazers,1976,43,41,81.4,31.7,113.1,102.8
Cleveland Cavaliers,1976,49,46,79.6,39.1,101.6,99.0
Boston Celtics,1976,49,53,79.6,43.4,107.8,102.1
Los Angeles Lakers,1976,41,39,78.0,20.5,110.8,102.6
Golden State Warriors,1976,51,44,76.5,45.5,115.1,107.9
Washington Bullets,1976,42,48,76.2,37.5,105.1,101.4
Philadelphia 76ers,1976,41,44,75.6,29.5,112.0,103.6
Houston Rockets,1976,43,39,72.1,33.3,110.7,105.2
Phoenix Suns,1976,48,54,70.8,31.5,107.5,101.9
Indiana Pacers,1976,19,17,68.4,17.6,107.3,105.5
Detroit Pistons,1976,45,51,64.4,35.3,108.8,104.6
Kansas City Kings,1976,42,44,64.3,22.7,107.2,102.4
Buffalo Braves,1976,44,47,61.4,38.3,109.0,106.0
New Orleans Jazz,1976,50,36,60.0,38.9,108.3,104.2
New York Knicks,1976,39,39,59.0,41.0,106.6,102.2
Milwaukee Bucks,1976,44,45,50.0,28.9,107.2,103.8
Chicago Bulls,1976,42,37,45.2,21.6,97.7,97.0
Atlanta Hawks,1976,43,46,34.9,19.6,103.1,102.1
New York Nets,1976,15,17,33.3,41.2,99.9,97.4
Boston Celtics,1975,45,44,82.2,65.9,107.1,107.2
Golden State Warriors,1975,47,48,80.9,45.8,111.6,102.1
Washington Bullets,1975,47,48,78.7,43.8,105.5,100.6
Kansas City-Omaha Kings,1975,27,23,77.8,21.7,103.4,98.1
Buffalo Braves,1975,45,43,71.1,39.5,109.0,103.2
Houston Rockets,1975,41,45,68.3,26.7,106.9,100.2
Chicago Bulls,1975,46,47,67.4,29.8,101.0,94.2
Portland Trail Blazers,1975,38,43,65.8,23.3,103.8,100.3
Seattle SuperSonics,1975,46,45,65.2,42.2,103.2,102.8
Los Angeles Lakers,1975,41,41,63.4,24.4,109.7,102.0
Detroit Pistons,1975,41,38,63.4,23.7,103.6,100.0
Cleveland Cavaliers,1975,41,42,63.4,33.3,99.2,100.2
Atlanta Hawks,1975,41,35,63.4,20.0,106.5,103.8
Milwaukee Bucks,1975,38,42,63.2,31.0,102.1,98.8
Philadelphia 76ers,1975,40,39,60.0,43.6,103.2,100.7
New York Knicks,1975,42,45,59.5,28.9,104.4,100.0
New Orleans Jazz,1975,42,38,57.1,21.1,106.7,101.0
Phoenix Suns,1975,39,39,53.8,28.2,104.0,100.0
Kansas City Kings,1975,15,17,53.3,11.8,101.2,101.0
Washington Bullets,1974,19,16,84.2,62.5,106.5,100.3
Capital Bullets,1974,30,24,83.3,20.8,103.3,98.7
Buffalo Braves,1974,41,44,73.2,45.5,111.4,109.9
Detroit Pistons,1974,44,41,70.5,46.3,103.0,99.0
Houston Rockets,1974,39,38,69.2,28.9,111.4,103.7
Milwaukee Bucks,1974,48,45,66.7,48.9,104.1,99.2
Los Angeles Lakers,1974,44,39,65.9,30.8,109.8,101.4
Golden State Warriors,1974,41,42,65.9,54.8,112.7,107.4
Chicago Bulls,1974,41,46,63.4,45.7,97.7,95.4
Kansas City-Omaha Kings,1974,35,44,62.9,38.6,104.1,99.6
New York Knicks,1974,45,44,62.2,50.0,99.5,99.2
Cleveland Cavaliers,1974,34,39,61.8,33.3,102.0,99.6
Boston Celtics,1974,47,52,61.7,59.6,107.0,104.9
Phoenix Suns,1974,40,36,60.0,16.7,106.0,104.6
Seattle SuperSonics,1974,36,37,55.6,40.5,105.8,104.0
Atlanta Hawks,1974,40,41,52.5,24.4,108.3,100.2
Portland Trail Blazers,1974,41,37,51.2,10.8,107.7,102.5
Philadelphia 76ers,1974,43,36,46.5,22.2,102.7,99.4
New Orleans Jazz,1974,13,20,23.1,0.0,94.6,95.3
Boston Celtics,1973,49,46,85.7,71.7,113.6,111.0
Milwaukee Bucks,1973,46,41,84.8,61.0,111.6,104.7
Chicago Bulls,1973,48,44,77.1,47.7,106.7,101.0
New York Knicks,1973,49,48,73.5,52.1,103.8,101.4
Baltimore Bullets,1973,24,26,70.8,57.7,107.3,101.7
Los Angeles Lakers,1973,51,52,70.6,50.0,109.5,106.3
Detroit Pistons,1973,39,46,61.5,52.2,108.9,106.5
Capital Bullets,1973,15,20,60.0,55.0,99.7,102.7
Atlanta Hawks,1973,44,42,59.1,45.2,116.5,109.6
Golden State Warriors,1973,46,46,56.5,43.5,109.4,104.9
Portland Trail Blazers,1973,42,39,50.0,20.5,111.0,105.1
Cleveland Cavaliers,1973,44,41,50.0,34.1,104.5,100.8
Phoenix Suns,1973,42,41,47.6,34.1,112.6,109.0
Buffalo Braves,1973,38,45,47.4,20.0,109.9,106.4
Kansas City-Omaha Kings,1973,41,40,43.9,30.0,104.5,105.3
Seattle SuperSonics,1973,44,41,43.2,29.3,106.8,106.9
Houston Rockets,1973,43,43,37.2,30.2,110.8,110.9
Philadelphia 76ers,1973,39,43,25.6,16.3,102.2,102.3
New York Knicks,1972,49,53,83.7,45.3,108.5,104.4
Los Angeles Lakers,1972,49,45,81.6,75.6,119.3,112.4
Boston Celtics,1972,45,44,80.0,61.4,116.9,112.3
Golden State Warriors,1972,42,41,78.6,53.7,111.9,107.8
Phoenix Suns,1972,40,42,75.0,38.1,114.0,111.7
Milwaukee Bucks,1972,45,48,73.3,66.7,114.2,106.9
Cincinnati Royals,1972,21,25,71.4,20.0,115.1,107.3
Atlanta Hawks,1972,43,46,67.4,39.1,114.3,107.8
Chicago Bulls,1972,42,44,66.7,59.1,106.1,108.0
Baltimore Bullets,1972,44,44,61.4,43.2,107.5,103.8
Seattle SuperSonics,1972,41,42,61.0,28.6,109.6,102.4
Kansas City-Omaha Kings,1972,23,19,60.9,31.6,107.7,105.2
Houston Rockets,1972,44,34,54.5,35.3,113.0,107.7
Detroit Pistons,1972,41,40,48.8,20.0,111.8,109.6
Portland Trail Blazers,1972,40,41,35.0,12.2,105.7,105.6
Buffalo Braves,1972,40,43,30.0,18.6,100.7,101.1
Cleveland Cavaliers,1972,40,41,27.5,17.1,107.9,101.0
Philadelphia 76ers,1972,42,39,26.2,17.9,108.5,109.4
Milwaukee Bucks,1971,52,47,92.3,70.2,117.8,113.3
Los Angeles Lakers,1971,50,46,82.0,56.5,118.0,112.8
Chicago Bulls,1971,44,43,79.5,53.5,111.5,109.3
Boston Celtics,1971,43,39,72.1,46.2,118.2,113.0
Phoenix Suns,1971,39,39,66.7,53.8,116.9,113.2
Seattle SuperSonics,1971,40,42,65.0,38.1,115.9,107.2
New York Knicks,1971,45,44,62.2,52.3,108.3,108.2
San Diego Rockets,1971,23,18,60.9,27.8,114.9,110.4
Golden State Warriors,1971,17,22,58.8,45.5,105.3,103.2
Philadelphia 76ers,1971,39,47,53.8,42.6,113.2,113.2
Cincinnati Royals,1971,34,47,52.9,19.1,111.1,110.2
San Francisco Warriors,1971,23,22,52.2,31.8,105.8,105.0
Baltimore Bullets,1971,48,52,52.1,36.5,110.6,106.8
Detroit Pistons,1971,44,36,50.0,30.6,111.3,104.5
Atlanta Hawks,1971,43,42,46.5,40.5,113.0,110.5
Portland Trail Blazers,1971,37,45,43.2,20.0,114.2,110.0
Cleveland Cavaliers,1971,42,35,38.1,25.7,107.8,98.8
Buffalo Braves,1971,43,33,34.9,24.2,105.1,104.5
Houston Rockets,1971,16,23,31.3,39.1,105.9,108.0
New York Knicks,1970,55,48,80.0,54.2,114.3,109.3
Milwaukee Bucks,1970,45,43,80.0,65.1,120.0,118.5
Los Angeles Lakers,1970,50,50,76.0,48.0,119.1,109.9
Baltimore Bullets,1970,45,42,75.6,38.1,116.4,115.8
Chicago Bulls,1970,44,42,70.5,35.7,115.3,111.3
Phoenix Suns,1970,47,46,70.2,37.0,119.0,114.4
Seattle SuperSonics,1970,40,43,70.0,27.9,119.3,112.9
Detroit Pistons,1970,40,44,65.0,40.9,115.3,112.2
Philadelphia 76ers,1970,46,43,58.7,44.2,120.4,115.5
San Diego Rockets,1970,40,43,57.5,23.3,121.2,113.8
Atlanta Hawks,1970,44,47,56.8,29.8,114.3,113.6
Boston Celtics,1970,42,42,54.8,42.9,116.1,117.6
Cincinnati Royals,1970,40,39,52.5,30.8,116.6,118.3
San Francisco Warriors,1970,39,47,46.2,36.2,108.6,109.7
Buffalo Braves,1970,20,22,45.0,9.1,107.3,101.4
Portland Trail Blazers,1970,24,16,37.5,18.8,116.3,110.1
Cleveland Cavaliers,1970,20,24,20.0,4.2,104.0,95.8
New York Knicks,1969,48,42,83.3,66.7,113.9,110.4
Atlanta Hawks,1969,51,45,74.5,42.2,113.6,112.8
Boston Celtics,1969,47,56,68.1,37.5,110.2,110.4
Los Angeles Lakers,1969,49,48,65.3,47.9,114.6,107.6
Baltimore Bullets,1969,43,44,65.1,56.8,118.9,115.9
San Diego Rockets,1969,46,44,63.0,20.5,117.1,113.1
Philadelphia 76ers,1969,43,48,60.5,52.1,118.6,118.6
Milwaukee Bucks,1969,42,40,59.5,45.0,114.0,112.5
Seattle SuperSonics,1969,38,41,57.9,19.5,118.5,111.1
Chicago Bulls,1969,38,44,57.9,25.0,108.6,111.1
Detroit Pistons,1969,41,43,48.8,25.6,113.4,109.5
San Francisco Warriors,1969,45,42,46.7,57.1,108.9,110.1
Cincinnati Royals,1969,44,42,45.5,42.9,117.4,112.5
Phoenix Suns,1969,43,39,39.5,15.4,115.2,113.4
Los Angeles Lakers,1968,57,41,80.7,53.7,120.8,113.2
Philadelphia 76ers,1968,45,47,80.0,61.7,124.4,118.6
St. Louis Hawks,1968,26,24,76.9,45.8,114.5,111.6
New York Knicks,1968,44,47,72.7,48.9,113.4,112.7
Baltimore Bullets,1968,43,43,69.8,46.5,118.7,117.4
Cincinnati Royals,1968,43,39,67.4,41.0,119.3,114.1
Atlanta Hawks,1968,18,19,66.7,52.6,110.9,112.9
Boston Celtics,1968,50,50,64.0,62.0,115.8,114.6
Detroit Pistons,1968,38,46,60.5,26.1,118.3,114.3
San Francisco Warriors,1968,42,47,54.8,25.5,115.4,109.7
Chicago Bulls,1968,43,45,51.2,28.9,107.0,105.5
Seattle SuperSonics,1968,40,42,47.5,16.7,116.1,114.0
Milwaukee Bucks,1968,20,20,45.0,5.0,109.5,109.4
San Diego Rockets,1968,41,38,39.0,10.5,115.4,110.8
Phoenix Suns,1968,18,20,33.3,10.0,113.4,112.0
Boston Celtics,1967,42,48,83.3,56.3,118.4,117.9
Philadelphia 76ers,1967,51,46,82.4,69.6,122.9,122.4
St. Louis Hawks,1967,46,48,78.3,41.7,113.9,113.6
San Francisco Warriors,1967,53,48,75.5,35.4,122.9,116.9
Cincinnati Royals,1967,43,43,67.4,32.6,118.9,114.2
Los Angeles Lakers,1967,41,46,63.4,41.3,121.2,117.0
Detroit Pistons,1967,38,46,57.9,30.4,117.8,113.2
Baltimore Bullets,1967,40,36,55.0,11.1,119.3,113.9
New York Knicks,1967,41,44,48.8,27.3,119.2,114.0
Chicago Bulls,1967,43,40,44.2,27.5,111.6,111.1
Seattle SuperSonics,1967,22,20,36.4,15.0,119.7,116.1
San Diego Rockets,1967,23,18,34.8,16.7,113.0,114.1
Philadelphia 76ers,1966,50,39,94.0,59.0,123.5,114.5
Boston Celtics,1966,48,51,83.3,54.9,117.4,112.7
St. Louis Hawks,1966,44,46,75.0,21.7,113.8,110.9
San Francisco Warriors,1966,42,34,69.0,38.2,120.4,117.1
New York Knicks,1966,41,44,65.9,25.0,119.4,115.4
Cincinnati Royals,1966,43,41,60.5,26.8,117.7,114.0
Detroit Pistons,1966,37,45,56.8,13.3,115.3,107.2
Los Angeles Lakers,1966,45,44,55.6,38.6,123.0,118.1
Baltimore Bullets,1966,42,42,54.8,9.5,117.3,112.0
Chicago Bulls,1966,17,23,52.9,26.1,111.5,111.8
Boston Celtics,1965,46,41,91.3,51.2,115.6,109.9
Philadelphia 76ers,1965,39,49,79.5,34.7,118.4,111.7
Cincinnati Royals,1965,43,42,76.7,38.1,117.3,114.4
Los Angeles Lakers,1965,49,47,75.5,40.4,117.1,110.4
Baltimore Bullets,1965,52,41,71.2,19.5,120.7,113.6
St. Louis Hawks,1965,42,41,69.0,29.3,113.2,106.4
New York Knicks,1965,38,39,57.9,25.6,113.7,106.4
Detroit Pistons,1965,37,40,51.4,20.0,110.3,107.8
San Francisco Warriors,1965,38,44,36.8,20.5,108.1,109.9
Boston Celtics,1964,48,50,91.7,58.0,115.7,106.7
Cincinnati Royals,1964,45,43,84.4,46.5,117.1,111.2
St. Louis Hawks,1964,47,41,70.2,41.5,111.7,106.2
Los Angeles Lakers,1964,45,40,64.4,32.5,112.0,105.9
Philadelphia 76ers,1964,43,46,62.8,26.1,118.0,109.3
Baltimore Bullets,1964,41,41,56.1,31.7,113.0,111.6
San Francisco Warriors,1964,49,48,55.1,39.6,108.8,107.5
Detroit Pistons,1964,39,48,48.7,20.8,109.5,106.5
New York Knicks,1964,39,39,38.5,20.5,114.4,110.4
Boston Celtics,1963,46,43,87.0,62.8,122.8,115.5
Syracuse Nationals,1963,28,23,78.6,39.1,127.7,117.4
Los Angeles Lakers,1963,46,46,76.1,45.7,114.1,111.8
St. Louis Hawks,1963,46,45,73.9,37.8,113.5,105.6
Cincinnati Royals,1963,46,48,71.7,41.7,115.5,116.1
Philadelphia 76ers,1963,16,17,62.5,35.3,110.9,107.7
San Francisco Warriors,1963,38,40,55.3,32.5,115.4,109.8
Detroit Pistons,1963,37,40,51.4,27.5,113.6,110.5
Chicago Zephyrs,1963,20,20,50.0,10.0,112.8,106.5
Baltimore Bullets,1963,17,16,47.1,18.8,109.7,109.6
New York Knicks,1963,40,42,32.5,14.3,110.6,108.7
Los Angeles Lakers,1962,45,44,82.2,45.5,119.4,116.1
Boston Celtics,1962,49,45,81.6,51.1,124.8,111.9
Syracuse Nationals,1962,42,41,81.0,34.1,124.5,115.4
Philadelphia Warriors,1962,26,29,80.8,37.9,124.6,118.5
St. Louis Hawks,1962,38,44,78.9,22.7,118.0,112.6
Cincinnati Royals,1962,42,39,73.8,30.8,123.5,120.4
Detroit Pistons,1962,48,45,62.5,22.2,116.1,111.4
Chicago Zephyrs,1962,18,22,61.1,9.1,109.9,110.5
New York Knicks,1962,39,41,59.0,14.6,116.0,113.4
San Francisco Warriors,1962,19,17,52.6,29.4,124.0,115.9
Chicago Packers,1962,24,23,33.3,8.7,113.0,112.2
Boston Celtics,1961,46,42,91.3,66.7,123.6,115.4
Los Angeles Lakers,1961,49,45,77.6,42.2,118.7,114.4
Detroit Pistons,1961,43,43,72.1,14.0,121.2,115.5
Philadelphia Warriors,1961,42,42,71.4,38.1,126.3,119.4
Syracuse Nationals,1961,49,42,65.3,23.8,122.7,117.0
St. Louis Hawks,1961,46,48,65.2,31.3,119.4,116.9
Cincinnati Royals,1961,35,41,57.1,36.6,121.7,120.3
Chicago Packers,1961,14,19,50.0,5.3,109.6,107.7
New York Knicks,1961,39,41,48.7,9.8,116.0,110.6
St. Louis Hawks,1960,48,44,89.6,34.1,118.1,111.0
Boston Celtics,1960,45,44,84.4,52.3,127.1,116.4
Philadelphia Warriors,1960,48,39,83.3,38.5,121.2,115.7
Syracuse Nationals,1960,39,39,82.1,25.6,123.6,117.2
Los Angeles Lakers,1960,17,21,70.6,14.3,115.1,115.0
Detroit Pistons,1960,38,37,68.4,13.5,116.3,112.9
Cincinnati Royals,1960,38,41,55.3,14.6,119.1,110.2
Minneapolis Lakers,1960,24,25,54.2,24.0,109.8,109.6
New York Knicks,1960,35,42,45.7,19.0,115.9,114.8
Boston Celtics,1959,46,39,93.5,61.5,124.5,117.1
St. Louis Hawks,1959,42,36,85.7,33.3,112.5,107.3
Philadelphia Warriors,1959,37,36,81.1,27.8,116.1,105.7
Syracuse Nationals,1959,43,39,76.7,28.2,120.5,113.0
Minneapolis Lakers,1959,37,51,70.3,23.5,109.1,103.0
New York Knicks,1959,41,36,53.7,33.3,114.5,114.4
Detroit Pistons,1959,36,42,50.0,19.0,109.6,105.4
Cincinnati Royals,1959,37,40,48.6,10.0,111.2,104.8
Boston Celtics,1958,44,40,81.8,45.0,112.8,106.6
St. Louis Hawks,1958,40,41,77.5,41.5,107.7,104.5
Syracuse Nationals,1958,38,36,68.4,33.3,108.6,102.8
Philadelphia Warriors,1958,40,42,67.5,31.0,105.5,99.7
Detroit Pistons,1958,41,38,65.9,34.2,106.4,105.4
New York Knicks,1958,37,34,64.9,41.2,111.0,107.1
Minneapolis Lakers,1958,34,38,52.9,13.2,105.1,103.2
Cincinnati Royals,1958,34,39,52.9,23.1,104.9,98.6
Boston Celtics,1957,37,46,91.9,45.7,112.9,106.3
Ft. Wayne Zollner Pistons,1957,20,25,80.0,12.0,103.2,93.6
St. Louis Hawks,1957,49,39,79.6,30.8,107.8,103.0
Syracuse Nationals,1957,44,38,79.5,34.2,106.7,101.5
Philadelphia Warriors,1957,36,37,77.8,16.2,106.1,96.1
New York Knicks,1957,39,36,74.4,25.0,108.9,103.4
Minneapolis Lakers,1957,36,42,63.9,16.7,109.1,103.8
Rochester Royals,1957,19,20,57.9,15.0,92.5,96.4
Cincinnati Royals,1957,19,14,52.6,21.4,102.1,98.9
Detroit Pistons,1957,15,17,40.0,35.3,105.1,100.6
Boston Celtics,1956,42,39,81.0,28.2,109.7,100.6
Philadelphia Warriors,1956,46,42,80.4,35.7,107.7,99.1
Ft. Wayne Zollner Pistons,1956,40,47,77.5,25.5,98.1,91.3
Rochester Royals,1956,37,39,73.0,23.1,95.4,94.3
Minneapolis Lakers,1956,46,34,71.7,20.6,102.8,98.7
Syracuse Nationals,1956,42,38,69.0,18.4,98.2,93.3
St. Louis Hawks,1956,37,48,64.9,33.3,98.5,95.3
New York Knicks,1956,36,39,55.6,35.9,102.7,98.1
Philadelphia Warriors,1955,34,38,88.2,21.1,100.5,91.7
Ft. Wayne Zollner Pistons,1955,40,39,82.5,20.5,97.0,89.1
Boston Celtics,1955,37,38,81.1,26.3,104.4,100.4
Syracuse Nationals,1955,44,37,77.3,35.1,97.8,92.2
New York Knicks,1955,40,34,75.0,29.4,98.0,95.6
Milwaukee Hawks,1955,15,31,73.3,29.0,91.6,84.6
Minneapolis Lakers,1955,39,42,71.8,21.4,96.8,95.5
St. Louis Hawks,1955,12,13,66.7,23.1,97.6,91.9
Rochester Royals,1955,45,34,64.4,8.8,94.5,89.8
Minneapolis Lakers,1954,39,38,84.6,34.2,86.6,85.7
Syracuse Nationals,1954,41,37,78.0,37.8,90.3,79.8
Boston Celtics,1954,31,34,77.4,29.4,97.6,90.8
Ft. Wayne Zollner Pistons,1954,37,31,73.0,32.3,87.7,78.9
Rochester Royals,1954,40,31,70.0,32.3,84.1,81.0
Philadelphia Warriors,1954,30,34,70.0,17.6,83.5,83.8
New York Knicks,1954,34,36,64.7,36.1,82.8,81.2
Milwaukee Hawks,1954,26,37,42.3,10.8,80.3,75.9
Minneapolis Lakers,1953,38,31,89.5,38.7,83.5,80.4
Boston Celtics,1953,32,35,84.4,28.6,89.2,83.7
Syracuse Nationals,1953,35,27,82.9,29.6,85.4,80.1
New York Knicks,1953,35,33,77.1,42.4,85.0,78.4
Ft. Wayne Zollner Pistons,1953,33,36,75.8,19.4,81.4,75.6
Milwaukee Hawks,1953,25,32,68.0,3.1,74.0,69.5
Rochester Royals,1953,37,23,64.9,26.1,84.5,80.0
Philadelphia Warriors,1953,17,35,52.9,5.7,78.1,74.4
New York Knicks,1952,27,32,88.9,31.3,90.4,84.4
Syracuse Nationals,1952,30,29,86.7,24.1,90.4,85.8
Minneapolis Lakers,1952,32,33,84.4,45.5,87.9,84.0
Rochester Royals,1952,31,27,80.6,33.3,92.9,82.6
Boston Celtics,1952,31,28,74.2,32.1,92.3,85.9
Ft. Wayne Zollner Pistons,1952,31,18,61.3,22.2,83.6,76.7
Philadelphia Warriors,1952,24,30,58.3,10.0,86.6,82.2
Milwaukee Hawks,1952,22,31,54.5,3.2,77.7,74.2
Minneapolis Lakers,1951,25,27,92.0,29.6,84.8,82.0
Rochester Royals,1951,33,30,87.9,36.7,89.5,78.3
Boston Celtics,1951,27,25,81.5,24.0,92.6,86.3
New York Knicks,1951,31,37,77.4,32.4,83.7,83.4
Philadelphia Warriors,1951,29,26,75.9,23.1,89.2,79.7
Syracuse Nationals,1951,32,27,75.0,29.6,90.4,83.3
Ft. Wayne Zollner Pistons,1951,28,29,75.0,3.4,85.0,75.2
Milwaukee Hawks,1951,10,12,50.0,8.3,70.2,69.1
Tri-Cities Blackhawks,1951,15,17,46.7,0.0,91.1,82.3
Minneapolis Lakers,1950,26,25,92.3,40.0,84.9,78.2
Syracuse Nationals,1950,19,20,84.2,25.0,86.3,79.4
Rochester Royals,1950,22,23,77.3,39.1,83.7,75.6
Philadelphia Warriors,1950,22,19,72.7,10.5,80.6,72.6
New York Knicks,1950,22,22,68.2,27.3,81.2,82.9
Ft. Wayne Zollner Pistons,1950,21,24,66.7,29.2,80.8,74.2
Tri-Cities Blackhawks,1950,17,12,64.7,16.7,85.3,78.1
Boston Celtics,1950,17,21,64.7,4.8,85.9,74.9
Minneapolis Lakers,1949,15,14,93.3,64.3,85.2,79.5
Rochester Royals,1949,15,12,86.7,66.7,84.7,78.0
Ft. Wayne Zollner Pistons,1949,15,16,66.7,25.0,79.7,71.2
Boston Celtics,1949,16,13,56.3,15.4,80.9,75.8
New York Knicks,1949,13,17,53.8,29.4,81.7,78.1
Philadelphia Warriors,1949,11,17,27.3,11.8,77.0,78.2
New York Knicks,1948,10,9,70.0,55.6,76.6,73.2
Philadelphia Warriors,1948,12,8,58.3,25.0,76.3,73.8
Philadelphia Warriors,1947,10,7,60.0,71.4,67.0,72.9
